"firstHeading","property_type","property_degree","property_value_i","property_value_f_total","property_value_f_formula","property_value_f"
"范泊宁","建造","良","242","438+3*2=444","438+3*2","444"
"范泊宁","农牧","差","73","256+2*2=260","256+2*2","260"
"范泊宁","制作","差","132","247+2*2=251","247+2*2","251"
"范泊宁","理财","优","141","612+5*2=622","612+5*2","622"
"范泊宁","探险","特","156","794+7*2=808","794+7*2","808"
"道济","建造","差","132","247+2*2=251","247+2*2","251"
"道济","农牧","良","242","438+3*2=444","438+3*2","444"
"道济","制作","特","176","791+6*2=803","791+6*2","803"
"道济","理财","差","49","88+1*2=90","88+1*2","90"
"道济","探险","优","121","608+6*2=620","608+6*2","620"
"徐妙云","建造","优","120","607+6*2=619","607+6*2","619"
"徐妙云","农牧","特","424","777+5*2=787","777+5*2","787"
"徐妙云","制作","良","105","432+4*2=440","432+4*2","440"
"徐妙云","理财","优","140","611+5*2=621","611+5*2","621"
"徐妙云","探险","差","72","255+2*2=259","255+2*2","259"
"计成","建造","特","156","794+7*2=808","794+7*2","808"
"计成","农牧","良","242","438+3*2=444","438+3*2","444"
"计成","制作","优","336","608+4*2=616","608+4*2","616"
"计成","理财","差","73","256+2*2=260","256+2*2","260"
"计成","探险","良","86","422+5*2=432","422+5*2","432"
"段成式","建造","中","132","247+2*2=251","247+2*2","251"
"段成式","农牧","特","176","791+6*2=803","791+6*2","803"
"段成式","制作","良","242","438+3*2=444","438+3*2","444"
"段成式","理财","差","49","88+1*2=90","88+1*2","90"
"段成式","探险","优","121","608+6*2=620","608+6*2","620"
"肖含珠","建造","差","27","97+1*2=99","97+1*2","99"
"肖含珠","农牧","中","134","249+2*2=253","249+2*2","253"
"肖含珠","制作","良","88","424+5*2=434","424+5*2","434"
"肖含珠","理财","特","158","796+7*2=810","796+7*2","810"
"肖含珠","探险","优","338","610+4*2=618","610+4*2","618"
"红拂","建造","优","335","607+4*2=615","607+4*2","615"
"红拂","农牧","中","131","246+2*2=250","246+2*2","250"
"红拂","制作","中","131","246+2*2=250","246+2*2","250"
"红拂","理财","良","85","421+5*2=431","421+5*2","431"
"红拂","探险","特","155","793+7*2=807","793+7*2","807"
"公输般","建造","优","141","612+5*2=622","612+5*2","622"
"公输般","农牧","良","86","422+5*2=432","422+5*2","432"
"公输般","制作","特","425","778+5*2=788","778+5*2","788"
"公输般","理财","良","86","422+5*2=432","422+5*2","432"
"公输般","探险","中","132","247+2*2=251","247+2*2","251"
"卫寻彩","建造","良","106","433+4*2=441","433+4*2","441"
"卫寻彩","农牧","中","132","247+2*2=251","247+2*2","251"
"卫寻彩","制作","特","156","794+7*2=808","794+7*2","808"
"卫寻彩","理财","优","141","612+5*2=622","612+5*2","622"
"卫寻彩","探险","优","121","608+6*2=620","608+6*2","620"
"上官婉儿","建造","良","241","437+3*2=443","437+3*2","443"
"上官婉儿","农牧","中","55","240+2*2=244","240+2*2","244"
"上官婉儿","制作","优","335","607+4*2=615","607+4*2","615"
"上官婉儿","理财","特","424","777+5*2=787","777+5*2","787"
"上官婉儿","探险","良","85","421+5*2=431","421+5*2","431"
"成凤羽","建造","特","156","794+7*2=808","794+7*2","808"
"成凤羽","农牧","良","242","438+3*2=444","438+3*2","444"
"成凤羽","制作","特","425","778+5*2=788","778+5*2","788"
"成凤羽","理财","中","73","256+2*2=260","256+2*2","260"
"成凤羽","探险","良","86","422+5*2=432","422+5*2","432"
"王祯","建造","良","107","434+4*2=442","434+4*2","442"
"王祯","农牧","特","426","779+5*2=789","779+5*2","789"
"王祯","制作","优","337","609+4*2=617","609+4*2","617"
"王祯","理财","中","74","257+2*2=261","257+2*2","261"
"王祯","探险","差","50","89+1*2=91","89+1*2","91"
"公孙策","建造","良","242","438+3*2=444","438+3*2","444"
"公孙策","农牧","中","132","247+2*2=251","247+2*2","251"
"公孙策","制作","特","425","778+5*2=788","778+5*2","788"
"公孙策","理财","中","73","256+2*2=260","256+2*2","260"
"公孙策","探险","优","121","608+6*2=620","608+6*2","620"
"东方祚","建造","中","132","247+2*2=251","247+2*2","251"
"东方祚","农牧","中","73","256+2*2=260","256+2*2","260"
"东方祚","制作","优","336","608+4*2=616","608+4*2","616"
"东方祚","理财","差","49","88+1*2=90","88+1*2","90"
"东方祚","探险","特","176","791+6*2=803","791+6*2","803"
"吕穹生","建造","特","425","778+5*2=788","778+5*2","788"
"吕穹生","农牧","优","336","608+4*2=616","608+4*2","616"
"吕穹生","制作","良","106","433+4*2=441","433+4*2","441"
"吕穹生","理财","中","56","241+2*2=245","241+2*2","245"
"吕穹生","探险","中","132","247+2*2=251","247+2*2","251"
"桑岷","建造","中","56","241+2*2=245","241+2*2","245"
"桑岷","农牧","特","425","778+5*2=788","778+5*2","788"
"桑岷","制作","良","242","438+3*2=444","438+3*2","444"
"桑岷","理财","优","336","608+4*2=616","608+4*2","616"
"桑岷","探险","中","73","256+2*2=260","256+2*2","260"
"百里安","建造","中","131","246+2*2=250","246+2*2","250"
"百里安","农牧","良","241","437+3*2=443","437+3*2","443"
"百里安","制作","特","424","777+5*2=787","777+5*2","787"
"百里安","理财","特","175","790+6*2=802","790+6*2","802"
"百里安","探险","中","55","240+2*2=244","240+2*2","244"
"鹿经纬","建造","中","134","249+2*2=253","249+2*2","253"
"鹿经纬","农牧","优","338","610+4*2=618","610+4*2","618"
"鹿经纬","制作","特","427","780+5*2=790","780+5*2","790"
"鹿经纬","理财","良","108","435+4*2=443","435+4*2","443"
"鹿经纬","探险","中","58","243+2*2=247","243+2*2","247"
"马远道","建造","良","86","422+5*2=432","422+5*2","432"
"马远道","农牧","优","141","612+5*2=622","612+5*2","622"
"马远道","制作","中","132","247+2*2=251","247+2*2","251"
"马远道","理财","优","336","608+4*2=616","608+4*2","616"
"马远道","探险","特","156","794+7*2=808","794+7*2","808"
"张山归","建造","良","107","434+4*2=442","434+4*2","442"
"张山归","农牧","优","142","613+5*2=623","613+5*2","623"
"张山归","制作","优","337","609+4*2=617","609+4*2","617"
"张山归","理财","中","133","248+4*2=256","248+4*2","256"
"张山归","探险","特","426","779+5*2=789","779+5*2","789"
"余妙年","建造","差","51","90+1*2=92","90+1*2","92"
"余妙年","农牧","特","427","780+5*2=790","780+5*2","790"
"余妙年","制作","中","58","243+2*2=247","243+2*2","247"
"余妙年","理财","优","143","614+5*2=624","614+5*2","624"
"余妙年","探险","优","123","610+6*2=622","610+6*2","622"
"乔溪午","建造","优","120","607+6*2=619","607+6*2","619"
"乔溪午","农牧","中","72","255+2*2=259","255+2*2","259"
"乔溪午","制作","优","335","607+4*2=615","607+4*2","615"
"乔溪午","理财","良","105","432+4*2=440","432+4*2","440"
"乔溪午","探险","特","155","793+7*2=807","793+7*2","807"
"乔沐","建造","特","159","797+7*2=811","797+7*2","811"
"乔沐","农牧","中","135","250+2*2=254","250+2*2","254"
"乔沐","制作","差","52","91+1*2=93","91+1*2","93"
"乔沐","理财","良","109","436+4*2=444","436+4*2","444"
"乔沐","探险","特","179","794+6*2=806","794+6*2","806"
"涂南山","建造","优","120","607+6*2=619","607+6*2","619"
"涂南山","农牧","特","424","777+5*2=787","777+5*2","787"
"涂南山","制作","良","241","437+3*2=443","437+3*2","443"
"涂南山","理财","中","72","255+2*2=259","255+2*2","259"
"涂南山","探险","良","85","421+5*2=431","421+5*2","431"
"红鸾","建造","中","74","257+2*2=261","257+2*2","261"
"红鸾","农牧","良","243","439+3*2=445","439+3*2","445"
"红鸾","制作","中","74","257+2*2=261","257+2*2","261"
"红鸾","理财","优","122","609+6*2=621","609+6*2","621"
"红鸾","探险","特","177","792+6*2=804","792+6*2","804"
"冯令吉","建造","中","134","249+2*2=253","249+2*2","253"
"冯令吉","农牧","优","123","610+6*2=622","610+6*2","622"
"冯令吉","制作","特","427","780+5*2=790","780+5*2","790"
"冯令吉","理财","良","108","435+4*2=443","435+4*2","443"
"冯令吉","探险","优","338","610+4*2=618","610+4*2","618"
"令风来","建造","特","157","795+7*2=809","795+7*2","809"
"令风来","农牧","优","336","608+4*2=616","608+4*2","616"
"令风来","制作","中","87","270+4*2=278","270+4*2","278"
"令风来","理财","优","141","612+5*2=622","612+5*2","622"
"令风来","探险","良","119","446+6*2=458","446+6*2","458"
"万千山","建造","特","176","791+6*2=803","791+6*2","803"
"万千山","农牧","中","73","256+2*2=260","256+2*2","260"
"万千山","制作","良","242","438+3*2=444","438+3*2","444"
"万千山","理财","中","73","256+2*2=260","256+2*2","260"
"万千山","探险","优","336","608+4*2=616","608+4*2","616"
"杨婳","建造","中","132","247+2*2=251","247+2*2","251"
"杨婳","农牧","特","425","778+5*2=788","778+5*2","788"
"杨婳","制作","良","106","433+4*2=441","433+4*2","441"
"杨婳","理财","优","141","612+5*2=622","612+5*2","622"
"杨婳","探险","优","121","608+6*2=620","608+6*2","620"
"李星罗","建造","优","123","610+6*2=622","610+6*2","622"
"李星罗","农牧","良","244","440+3*2=446","440+3*2","446"
"李星罗","制作","差","24","68+1*2=70","68+1*2","70"
"李星罗","理财","中","75","258+2*2=262","258+2*2","262"
"李星罗","探险","特","427","780+5*2=790","780+5*2","790"
"顾小九","建造","优","336","608+4*2=616","608+4*2","616"
"顾小九","农牧","中","73","256+2*2=260","256+2*2","260"
"顾小九","制作","特","156","794+7*2=808","794+7*2","808"
"顾小九","理财","良","242","438+3*2=444","438+3*2","444"
"顾小九","探险","优","141","612+5*2=622","612+5*2","622"
"王扶危","建造","优","337","609+4*2=617","609+4*2","617"
"王扶危","农牧","优","122","609+6*2=621","609+6*2","621"
"王扶危","制作","中","74","257+2*2=261","257+2*2","261"
"王扶危","理财","特","157","795+7*2=809","795+7*2","809"
"王扶危","探险","良","107","434+4*2=442","434+4*2","442"
"柳笑翁","建造","中","74","257+2*2=261","257+2*2","261"
"柳笑翁","农牧","优","122","609+6*2=621","609+6*2","621"
"柳笑翁","制作","良","243","439+3*2=445","439+3*2","445"
"柳笑翁","理财","特","426","779+5*2=789","779+5*2","789"
"柳笑翁","探险","优","142","613+5*2=623","613+5*2","623"
"叶闻灯","建造","中","73","256+2*2=260","256+2*2","260"
"叶闻灯","农牧","优","336","608+4*2=616","608+4*2","616"
"叶闻灯","制作","特","176","791+6*2=803","791+6*2","803"
"叶闻灯","理财","优","141","612+5*2=622","612+5*2","622"
"叶闻灯","探险","良","106","433+4*2=441","433+4*2","441"
"凤扬","建造","中","132","247+2*2=251","247+2*2","251"
"凤扬","农牧","特","425","778+5*2=788","778+5*2","788"
"凤扬","制作","良","106","433+4*2=441","433+4*2","441"
"凤扬","理财","优","141","612+5*2=622","612+5*2","622"
"凤扬","探险","优","121","608+6*2=620","608+6*2","620"
"秦挽铮","建造","特","157","795+7*2=809","795+7*2","809"
"秦挽铮","农牧","中","74","257+2*2=261","257+2*2","261"
"秦挽铮","制作","良","107","434+4*2=442","434+4*2","442"
"秦挽铮","理财","优","337","609+4*2=617","609+4*2","617"
"秦挽铮","探险","优","142","613+5*2=623","613+5*2","623"
"秦奚","建造","中","56","241+2*2=245","241+2*2","245"
"秦奚","农牧","良","106","433+4*2=441","433+4*2","441"
"秦奚","制作","特","176","791+6*2=803","791+6*2","803"
"秦奚","理财","优","121","608+6*2=620","608+6*2","620"
"秦奚","探险","良","106","433+4*2=441","433+4*2","441"
"公子礼","建造","特","176","791+6*2=803","791+6*2","803"
"公子礼","农牧","中","73","256+2*2=260","256+2*2","260"
"公子礼","制作","良","242","438+3*2=444","438+3*2","444"
"公子礼","理财","优","141","612+5*2=622","612+5*2","622"
"公子礼","探险","优","336","608+4*2=616","608+4*2","616"
"兰心娴","建造","中","74","257+2*2=261","257+2*2","261"
"兰心娴","农牧","良","107","434+4*2=442","434+4*2","442"
"兰心娴","制作","特","157","795+7*2=809","795+7*2","809"
"兰心娴","理财","特","177","792+6*2=804","792+6*2","804"
"兰心娴","探险","良","243","439+3*2=445","439+3*2","445"
"金魏","建造","中","132","247+2*2=251","247+2*2","251"
"金魏","农牧","特","425","778+5*2=788","778+5*2","788"
"金魏","制作","优","141","612+5*2=622","612+5*2","622"
"金魏","理财","优","336","608+4*2=616","608+4*2","616"
"金魏","探险","中","73","256+2*2=260","256+2*2","260"
"孟余","建造","差","26","96+1*2=98","96+1*2","98"
"孟余","农牧","良","107","434+4*2=442","434+4*2","442"
"孟余","制作","特","426","779+5*2=789","779+5*2","789"
"孟余","理财","优","142","613+5*2=623","613+5*2","623"
"孟余","探险","中","74","257+2*2=261","257+2*2","261"
"姜喜","建造","中","74","257+2*2=261","257+2*2","261"
"姜喜","农牧","优","337","609+4*2=617","609+4*2","617"
"姜喜","制作","特","157","795+7*2=809","795+7*2","809"
"姜喜","理财","良","87","423+5*2=433","423+5*2","433"
"姜喜","探险","中","133","248+2*2=252","248+2*2","252"
"飞花","建造","中","74","257+2*2=261","257+2*2","261"
"飞花","农牧","优","122","609+6*2=621","609+6*2","621"
"飞花","制作","特","157","795+7*2=809","795+7*2","809"
"飞花","理财","良","87","423+5*2=433","423+5*2","433"
"飞花","探险","良","107","434+4*2=442","434+4*2","442"
"弥月","建造","特","156","794+7*2=808","794+7*2","808"
"弥月","农牧","良","242","438+3*2=444","438+3*2","444"
"弥月","制作","特","425","778+5*2=788","778+5*2","788"
"弥月","理财","中","73","256+2*2=260","256+2*2","260"
"弥月","探险","中","56","241+2*2=245","241+2*2","245"
"泉先","建造","中","57","242+2*2=246","242+2*2","246"
"泉先","农牧","中","74","257+2*2=261","257+2*2","261"
"泉先","制作","良","243","439+3*2=445","439+3*2","445"
"泉先","理财","特","177","792+6*2=804","792+6*2","804"
"泉先","探险","优","122","609+6*2=621","609+6*2","621"
"江行","建造","特","177","792+6*2=804","792+6*2","804"
"江行","农牧","优","337","609+4*2=617","609+4*2","617"
"江行","制作","中","74","257+2*2=261","257+2*2","261"
"江行","理财","差","26","96+1*2=98","96+1*2","98"
"江行","探险","良","107","434+4*2=442","434+4*2","442"
"公孙跃","建造","差","25","95+1*2=97","95+1*2","97"
"公孙跃","农牧","中","56","241+2*2=245","241+2*2","245"
"公孙跃","制作","优","141","612+5*2=622","612+5*2","622"
"公孙跃","理财","中","73","256+2*2=260","256+2*2","260"
"公孙跃","探险","特","425","778+5*2=788","778+5*2","788"
"卢璨","建造","中","132","247+2*2=251","247+2*2","251"
"卢璨","农牧","良","106","433+4*2=441","433+4*2","441"
"卢璨","制作","特","156","794+7*2=808","794+7*2","808"
"卢璨","理财","优","336","608+4*2=616","608+4*2","616"
"卢璨","探险","中","73","256+2*2=260","256+2*2","260"
"卢璀","建造","优","337","609+4*2=617","609+4*2","617"
"卢璀","农牧","特","157","795+7*2=809","795+7*2","809"
"卢璀","制作","良","243","439+3*2=445","439+3*2","445"
"卢璀","理财","中","74","257+2*2=261","257+2*2","261"
"卢璀","探险","中","57","242+2*2=246","242+2*2","246"
"向斜阳","建造","中","132","247+2*2=251","247+2*2","251"
"向斜阳","农牧","优","121","608+6*2=620","608+6*2","620"
"向斜阳","制作","特","425","778+5*2=788","778+5*2","788"
"向斜阳","理财","良","106","433+4*2=441","433+4*2","441"
"向斜阳","探险","差","22","66+1*2=68","66+1*2","68"
"胡月眉","建造","中","73","256+2*2=260","256+2*2","260"
"胡月眉","农牧","差","49","88+1*2=90","88+1*2","90"
"胡月眉","制作","特","425","778+5*2=788","778+5*2","788"
"胡月眉","理财","优","141","612+5*2=622","612+5*2","622"
"胡月眉","探险","良","86","422+5*2=432","422+5*2","432"
"孟好学","建造","特","157","795+7*2=809","795+7*2","809"
"孟好学","农牧","差","23","67+1*2=69","67+1*2","69"
"孟好学","制作","特","177","792+6*2=804","792+6*2","804"
"孟好学","理财","中","133","248+2*2=252","248+2*2","252"
"孟好学","探险","差","23","67+1*2=69","67+1*2","69"
"麦小满","建造","中","74","257+2*2=261","257+2*2","261"
"麦小满","农牧","良","243","439+3*2=445","439+3*2","445"
"麦小满","制作","中","74","257+2*2=261","257+2*2","261"
"麦小满","理财","优","122","609+6*2=621","609+6*2","621"
"麦小满","探险","特","426","779+5*2=789","779+5*2","789"
"百里沉香","建造","差","22","66+1*2=68","66+1*2","68"
"百里沉香","农牧","特","425","778+5*2=788","778+5*2","788"
"百里沉香","制作","特","156","794+7*2=808","794+7*2","808"
"百里沉香","理财","中","56","241+2*2=245","241+2*2","245"
"百里沉香","探险","差","49","88+1*2=90","88+1*2","90"
"宫商羽","建造","良","87","423+5*2=433","423+5*2","433"
"宫商羽","农牧","中","133","248+2*2=252","248+2*2","252"
"宫商羽","制作","优","142","613+5*2=623","613+5*2","623"
"宫商羽","理财","特","426","779+5*2=789","779+5*2","789"
"宫商羽","探险","优","122","609+6*2=621","609+6*2","621"
"成梁","建造","特","156","794+7*2=808","794+7*2","808"
"成梁","农牧","中","73","256+2*2=260","256+2*2","260"
"成梁","制作","特","176","791+6*2=803","791+6*2","803"
"成梁","理财","良","242","438+3*2=444","438+3*2","444"
"成梁","探险","差","22","66+1*2=68","66+1*2","68"
"端木偃","建造","差","23","67+1*2=69","67+1*2","69"
"端木偃","农牧","良","107","434+4*2=442","434+4*2","442"
"端木偃","制作","优","142","613+5*2=623","613+5*2","623"
"端木偃","理财","特","157","795+7*2=809","795+7*2","809"
"端木偃","探险","优","337","609+4*2=617","609+4*2","617"
"鹿溪隐","建造","中","56","241+2*2=245","241+2*2","245"
"鹿溪隐","农牧","良","242","438+3*2=444","438+3*2","444"
"鹿溪隐","制作","特","156","794+7*2=808","794+7*2","808"
"鹿溪隐","理财","特","425","778+5*2=788","778+5*2","788"
"鹿溪隐","探险","差","22","66+1*2=68","66+1*2","68"
"云踏雪","建造","良","107","434+4*2=442","434+4*2","442"
"云踏雪","农牧","优","142","613+5*2=623","613+5*2","623"
"云踏雪","制作","特","157","795+7*2=809","795+7*2","809"
"云踏雪","理财","差","50","89+1*2=91","89+1*2","91"
"云踏雪","探险","优","337","609+4*2=617","609+4*2","617"
"蛋生","建造","优","142","613+5*2=623","613+5*2","623"
"蛋生","农牧","差","50","89+1*2=91","89+1*2","91"
"蛋生","制作","良","107","434+4*2=442","434+4*2","442"
"蛋生","理财","特","157","795+7*2=809","795+7*2","809"
"蛋生","探险","优","337","609+4*2=617","609+4*2","617"
"天机子","建造","良","243","439+3*2=445","439+3*2","445"
"天机子","农牧","特","157","795+7*2=809","795+7*2","809"
"天机子","制作","优","142","613+5*2=623","613+5*2","623"
"天机子","理财","优","337","609+4*2=617","609+4*2","617"
"天机子","探险","差","23","67+1*2=69","67+1*2","69"
"小玉","建造","优","120","607+6*2=619","607+6*2","619"
"小玉","农牧","中","72","255+2*2=259","255+2*2","259"
"小玉","制作","特","424","777+5*2=787","777+5*2","787"
"小玉","理财","良","85","421+5*2=431","421+5*2","431"
"小玉","探险","中","131","246+2*2=250","246+2*2","250"
"杨宗保","建造","特","177","792+6*2=804","792+6*2","804"
"杨宗保","农牧","差","23","67+1*2=69","67+1*2","69"
"杨宗保","制作","良","243","439+3*2=445","439+3*2","445"
"杨宗保","理财","中","133","248+2*2=252","248+2*2","252"
"杨宗保","探险","优","337","609+4*2=617","609+4*2","617"
"哪吒","建造","中","73","256+2*2=260","256+2*2","260"
"哪吒","农牧","中","73","256+2*2=260","256+2*2","260"
"哪吒","制作","优","336","608+4*2=616","608+4*2","616"
"哪吒","理财","差","49","88+1*2=90","88+1*2","90"
"哪吒","探险","特","425","778+5*2=788","778+5*2","788"
"程大位","建造","中","132","247+2*2=251","247+2*2","251"
"程大位","农牧","中","73","256+2*2=260","256+2*2","260"
"程大位","制作","良","106","433+4*2=441","433+4*2","441"
"程大位","理财","特","156","794+7*2=808","794+7*2","808"
"程大位","探险","特","176","791+6*2=803","791+6*2","803"
"屈原","建造","优","123","610+6*2=622","610+6*2","622"
"屈原","农牧","特","427","780+5*2=790","780+5*2","790"
"屈原","制作","优","143","614+5*2=624","614+5*2","624"
"屈原","理财","差","51","90+1*2=92","90+1*2","92"
"屈原","探险","良","108","435+4*2=443","435+4*2","443"
"苏轼","建造","中","132","247+2*2=251","247+2*2","251"
"苏轼","农牧","差","22","66+1*2=68","66+1*2","68"
"苏轼","制作","特","425","778+5*2=788","778+5*2","788"
"苏轼","理财","特","176","791+6*2=803","791+6*2","803"
"苏轼","探险","优","336","608+4*2=616","608+4*2","616"
"罗贯中","建造","特","175","790+6*2=802","790+6*2","802"
"罗贯中","农牧","中","72","255+2*2=259","255+2*2","259"
"罗贯中","制作","良","105","432+4*2=440","432+4*2","440"
"罗贯中","理财","优","120","607+6*2=619","607+6*2","619"
"罗贯中","探险","优","140","611+5*2=621","611+5*2","621"
"施耐庵","建造","特","425","778+5*2=788","778+5*2","788"
"施耐庵","农牧","良","106","433+4*2=441","433+4*2","441"
"施耐庵","制作","良","242","438+3*2=444","438+3*2","444"
"施耐庵","理财","中","132","247+2*2=251","247+2*2","251"
"施耐庵","探险","特","156","794+7*2=808","794+7*2","808"
"吴承恩","建造","差","21","65+1*2=67","65+1*2","67"
"吴承恩","农牧","良","241","437+3*2=443","437+3*2","443"
"吴承恩","制作","特","155","793+7*2=807","793+7*2","807"
"吴承恩","理财","差","21","65+1*2=67","65+1*2","67"
"吴承恩","探险","特","175","790+6*2=802","790+6*2","802"
"鱼玄机","建造","中","73","256+2*2=260","256+2*2","260"
"鱼玄机","农牧","特","156","794+7*2=808","794+7*2","808"
"鱼玄机","制作","优","336","608+4*2=616","608+4*2","616"
"鱼玄机","理财","优","121","608+6*2=620","608+6*2","620"
"鱼玄机","探险","差","22","66+1*2=68","66+1*2","68"
"嵇康","建造","差","23","67+1*2=69","67+1*2","69"
"嵇康","农牧","中","57","242+2*2=246","242+2*2","246"
"嵇康","制作","特","426","779+5*2=789","779+5*2","789"
"嵇康","理财","特","157","795+7*2=809","795+7*2","809"
"嵇康","探险","中","133","248+2*2=252","248+2*2","252"
"戚继光","建造","优","143","614+5*2=624","614+5*2","624"
"戚继光","农牧","优","123","610+6*2=622","610+6*2","622"
"戚继光","制作","良","88","424+5*2=434","424+5*2","434"
"戚继光","理财","良","108","435+4*2=443","435+4*2","443"
"戚继光","探险","特","427","780+5*2=790","780+5*2","790"
"沈度","建造","中","58","243+2*2=247","243+2*2","247"
"沈度","农牧","差","24","68+1*2=70","68+1*2","70"
"沈度","制作","特","158","796+7*2=810","796+7*2","810"
"沈度","理财","特","427","780+5*2=790","780+5*2","790"
"沈度","探险","差","51","90+1*2=92","90+1*2","92"
"朱棣","建造","中","73","256+2*2=260","256+2*2","260"
"朱棣","农牧","特","156","794+7*2=808","794+7*2","808"
"朱棣","制作","中","73","256+2*2=260","256+2*2","260"
"朱棣","理财","优","141","612+5*2=622","612+5*2","622"
"朱棣","探险","特","425","778+5*2=788","778+5*2","788"
"展昭","建造","特","177","792+6*2=804","792+6*2","804"
"展昭","农牧","中","57","242+2*2=246","242+2*2","246"
"展昭","制作","良","243","439+3*2=445","439+3*2","445"
"展昭","理财","差","26","96+1*2=98","96+1*2","98"
"展昭","探险","优","122","609+6*2=621","609+6*2","621"
"文俶","建造","特","175","790+6*2=802","790+6*2","802"
"文俶","农牧","特","424","777+5*2=787","777+5*2","787"
"文俶","制作","中","55","240+2*2=244","240+2*2","244"
"文俶","理财","优","140","611+5*2=621","611+5*2","621"
"文俶","探险","差","24","94+1*2=96","94+1*2","96"
"仇珠","建造","良","123","435+4*2=443","435+4*2","443"
"仇珠","农牧","良","88","424+5*2=434","424+5*2","434"
"仇珠","制作","优","323","610+4*2=618","610+4*2","618"
"仇珠","理财","良","88","424+5*2=434","424+5*2","434"
"仇珠","探险","特","178","793+6*2=805","793+6*2","805"
"徐祯卿","建造","特","427","780+5*2=790","780+5*2","790"
"徐祯卿","农牧","良","244","440+3*2=446","440+3*2","446"
"徐祯卿","制作","中","58","243+2*2=247","243+2*2","247"
"徐祯卿","理财","特","178","793+6*2=805","793+6*2","805"
"徐祯卿","探险","差","27","97+1*2=99","97+1*2","99"
"奢香","建造","特","175","790+6*2=802","790+6*2","802"
"奢香","农牧","特","424","777+5*2=787","777+5*2","787"
"奢香","制作","中","131","246+2*2=250","246+2*2","250"
"奢香","理财","差","24","94+1*2=96","94+1*2","96"
"奢香","探险","优","120","607+6*2=619","607+6*2","619"
"白居易","建造","特","425","778+5*2=788","778+5*2","788"
"白居易","农牧","良","106","433+4*2=441","433+4*2","441"
"白居易","制作","良","106","433+4*2=441","433+4*2","441"
"白居易","理财","差","49","88+1*2=90","88+1*2","90"
"白居易","探险","特","156","794+7*2=808","794+7*2","808"
"罗素月","建造","良","87","423+6*2=435","423+6*2","435"
"罗素月","农牧","优","337","609+5*2=619","609+5*2","619"
"罗素月","制作","特","177","792+3*2=798","792+3*2","798"
"罗素月","理财","良","243","439+2*2=443","439+2*2","443"
"罗素月","探险","良","107","434+6*2=446","434+6*2","446"
"祝英台","建造","特","424","777+5*2=787","777+5*2","787"
"祝英台","农牧","差","24","94+1*2=96","94+1*2","96"
"祝英台","制作","中","55","240+2*2=244","240+2*2","244"
"祝英台","理财","特","424","777+5*2=787","777+5*2","787"
"祝英台","探险","良","241","437+3*2=443","437+3*2","443"
"马蓬瀛","建造","良","106","433+4*2=441","433+4*2","441"
"马蓬瀛","农牧","特","156","794+7*2=808","794+7*2","808"
"马蓬瀛","制作","中","56","241+2*2=245","241+2*2","245"
"马蓬瀛","理财","中","132","247+2*2=251","247+2*2","251"
"马蓬瀛","探险","差","25","95+1*2=97","95+1*2","97"
"谈允贤","建造","差","24","94+1*2=96","94+1*2","96"
"谈允贤","农牧","中","55","240+2*2=244","240+2*2","244"
"谈允贤","制作","优","120","607+6*2=619","607+6*2","619"
"谈允贤","理财","特","424","777+5*2=787","777+5*2","787"
"谈允贤","探险","优","335","607+4*2=615","607+4*2","615"
"张择端","建造","特","156","794+7*2=808","794+7*2","808"
"张择端","农牧","优","336","608+4*2=616","608+4*2","616"
"张择端","制作","优","141","612+5*2=622","612+5*2","622"
"张择端","理财","中","56","241+2*2=245","241+2*2","245"
"张择端","探险","中","56","241+2*2=245","241+2*2","245"
"仇英","建造","良","241","437+3*2=443","437+3*2","443"
"仇英","农牧","差","48","87+1*2=89","87+1*2","89"
"仇英","制作","特","155","793+7*2=807","793+7*2","807"
"仇英","理财","优","120","607+6*2=619","607+6*2","619"
"仇英","探险","良","85","421+5*2=431","421+5*2","431"
"沈括","建造","良","104","431+4*2=439","431+4*2","439"
"沈括","农牧","特","154","792+7*2=806","792+7*2","806"
"沈括","制作","特","423","776+5*2=786","776+5*2","786"
"沈括","理财","差","23","93+1*2=95","93+1*2","95"
"沈括","探险","差","23","93+1*2=95","93+1*2","95"
"武则天","建造","良","88","424+5*2=434","424+5*2","434"
"武则天","农牧","优","123","610+6*2=622","610+6*2","622"
"武则天","制作","特","178","793+6*2=805","793+6*2","805"
"武则天","理财","优","123","610+6*2=622","610+6*2","622"
"武则天","探险","差","27","97+1*2=99","97+1*2","99"
"黄道婆","建造","良","241","437+3*2=443","437+3*2","443"
"黄道婆","农牧","优","120","607+6*2=619","607+6*2","619"
"黄道婆","制作","特","155","793+7*2=807","793+7*2","807"
"黄道婆","理财","良","85","421+5*2=431","421+5*2","431"
"黄道婆","探险","差","21","65+1*2=67","65+1*2","67"
"包拯","建造","特","174","789+6*2=801","789+6*2","801"
"包拯","农牧","优","119","606+6*2=618","606+6*2","618"
"包拯","制作","优","139","610+5*2=620","610+5*2","620"
"包拯","理财","良","240","436+3*2=442","436+3*2","442"
"包拯","探险","良","84","420+5*2=430","420+5*2","430"
"王昭君","建造","差","27","97+1*2=99","97+1*2","99"
"王昭君","农牧","中","58","243+2*2=247","243+2*2","247"
"王昭君","制作","特","178","793+6*2=805","793+6*2","805"
"王昭君","理财","中","58","243+2*2=247","243+2*2","247"
"王昭君","探险","特","178","793+6*2=805","793+6*2","805"
"玄奘","建造","优","143","614+5*2=624","614+5*2","624"
"玄奘","农牧","特","427","780+5*2=790","780+5*2","790"
"玄奘","制作","良","88","424+5*2=434","424+5*2","434"
"玄奘","理财","中","58","243+2*2=247","243+2*2","247"
"玄奘","探险","特","158","796+7*2=810","796+7*2","810"
"沈周","建造","中","56","241+2*2=245","241+2*2","245"
"沈周","农牧","良","106","433+4*2=441","433+4*2","441"
"沈周","制作","优","121","608+6*2=620","608+6*2","620"
"沈周","理财","特","425","778+5*2=788","778+5*2","788"
"沈周","探险","优","141","612+5*2=622","612+5*2","622"
"常遇春","建造","优","338","610+4*2=618","610+4*2","618"
"常遇春","农牧","良","88","424+5*2=434","424+5*2","434"
"常遇春","制作","特","178","793+6*2=805","793+6*2","805"
"常遇春","理财","良","244","440+3*2=446","440+3*2","446"
"常遇春","探险","特","178","793+6*2=805","793+6*2","805"
"唐伯虎","建造","特","428","781+5*2=791","781+5*2","791"
"唐伯虎","农牧","良","89","425+5*2=435","425+5*2","435"
"唐伯虎","制作","特","179","794+6*2=806","794+6*2","806"
"唐伯虎","理财","优","339","611+4*2=619","611+4*2","619"
"唐伯虎","探险","中","76","259+2*2=263","259+2*2","263"
"李清照","建造","良","244","440+3*2=446","440+3*2","446"
"李清照","农牧","优","338","610+4*2=618","610+4*2","618"
"李清照","制作","良","88","424+5*2=434","424+5*2","434"
"李清照","理财","特","158","796+7*2=810","796+7*2","810"
"李清照","探险","中","58","243+2*2=247","243+2*2","247"
"李白","建造","优","335","607+4*2=615","607+4*2","615"
"李白","农牧","优","120","607+6*2=619","607+6*2","619"
"李白","制作","优","335","607+4*2=615","607+4*2","615"
"李白","理财","良","105","432+4*2=440","432+4*2","440"
"李白","探险","特","175","790+6*2=802","790+6*2","802"
"刘伯温","建造","特","154","792+7*2=806","792+7*2","806"
"刘伯温","农牧","中","54","239+2*2=243","239+2*2","243"
"刘伯温","制作","特","423","776+5*2=786","776+5*2","786"
"刘伯温","理财","良","84","420+5*2=430","420+5*2","430"
"刘伯温","探险","差","47","86+1*2=88","86+1*2","88"
"白素贞","建造","良","89","425+5*2=435","425+5*2","435"
"白素贞","农牧","特","428","781+5*2=791","781+5*2","791"
"白素贞","制作","特","159","797+7*2=811","797+7*2","811"
"白素贞","理财","良","245","441+3*2=447","441+3*2","447"
"白素贞","探险","中","59","244+2*2=248","244+2*2","248"
"李时珍","建造","中","135","250+2*2=254","250+2*2","254"
"李时珍","农牧","特","159","797+7*2=811","797+7*2","811"
"李时珍","制作","差","52","91+1*2=93","91+1*2","93"
"李时珍","理财","良","109","436+4*2=444","436+4*2","444"
"李时珍","探险","特","428","781+5*2=791","781+5*2","791"
"张舟师","建造","优","256","603+4*3=615","603+4*3","615"
"张舟师","农牧","良","71","428+4*3=440","428+4*3","440"
"张舟师","制作","差","99","244+2*3=250","244+2*3","250"
"张舟师","理财","差","15","64+1*3=67","64+1*3","67"
"张舟师","探险","良","183","434+3*3=443","434+3*3","443"
"周游越","建造","差","17","66+1*3=69","66+1*3","69"
"周游越","农牧","中","41","240+2*3=246","240+2*3","246"
"周游越","制作","良","185","436+3*3=445","436+3*3","445"
"周游越","理财","优","97","608+5*3=623","608+5*3","623"
"周游越","探险","良","59","418+5*3=433","418+5*3","433"
"李青溪","建造","中","101","246+2*3=252","246+2*3","252"
"李青溪","农牧","优","84","603+6*3=621","603+6*3","621"
"李青溪","制作","差","39","88+1*3=91","88+1*3","91"
"李青溪","理财","良","73","430+4*3=442","430+4*3","442"
"李青溪","探险","差","20","95+1*3=98","95+1*3","98"
"慕姣姣","建造","差","16","65+1*3=68","65+1*3","68"
"慕姣姣","农牧","良","72","429+4*3=441","429+4*3","441"
"慕姣姣","制作","中","100","245+2*3=251","245+2*3","251"
"慕姣姣","理财","差","38","87+1*3=90","87+1*3","90"
"慕姣姣","探险","优","257","604+4*3=616","604+4*3","616"
"金鲤","建造","差","18","93+1*3=96","93+1*3","96"
"金鲤","农牧","良","57","416+5*3=431","416+5*3","431"
"金鲤","制作","良","57","416+5*3=431","416+5*3","431"
"金鲤","理财","优","82","601+3*3=610","601+3*3","610"
"金鲤","探险","差","37","86+1*3=89","86+1*3","89"
"花宜芳","建造","中","39","238+2*3=244","238+2*3","244"
"花宜芳","农牧","良","71","428+4*3=440","428+4*3","440"
"花宜芳","制作","优","256","603+4*3=615","603+4*3","615"
"花宜芳","理财","良","57","416+5*3=431","416+5*3","431"
"花宜芳","探险","差","37","86+1*3=89","86+1*3","89"
"文简","建造","良","62","416+5*3=431","416+5*3","431"
"文简","农牧","差","16","64+1*3=67","64+1*3","67"
"文简","制作","优","88","601+6*3=619","601+6*3","619"
"文简","理财","差","38","86+1*3=89","86+1*3","89"
"文简","探险","中","41","238+2*3=244","238+2*3","244"
"姬荔","建造","良","184","435+3*3=444","435+3*3","444"
"姬荔","农牧","优","83","602+6*3=620","602+6*3","620"
"姬荔","制作","差","38","87+1*3=90","87+1*3","90"
"姬荔","理财","中","51","254+2*3=260","254+2*3","260"
"姬荔","探险","良","184","435+3*3=444","435+3*3","444"
"林卫木","建造","良","71","428+4*3=440","428+4*3","440"
"林卫木","农牧","优","95","606+5*3=621","606+5*3","621"
"林卫木","制作","中","99","244+2*3=250","244+2*3","250"
"林卫木","理财","差","37","86+1*3=89","86+1*3","89"
"林卫木","探险","良","57","416+5*3=431","416+5*3","431"
"宋沉吟","建造","中","100","245+2*3=251","245+2*3","251"
"宋沉吟","农牧","良","72","429+4*3=441","429+4*3","441"
"宋沉吟","制作","良","58","417+5*3=432","417+5*3","432"
"宋沉吟","理财","优","83","602+6*3=620","602+6*3","620"
"宋沉吟","探险","差","38","87+1*3=90","87+1*3","90"
"武鸣月","建造","差","39","88+1*3=91","88+1*3","91"
"武鸣月","农牧","差","20","95+1*3=98","95+1*3","98"
"武鸣月","制作","特","121","786+6*3=804","786+6*3","804"
"武鸣月","理财","中","101","246+2*3=252","246+2*3","252"
"武鸣月","探险","差","20","95+1*3=98","95+1*3","98"
"千暮雪","建造","差","15","64+1*3=67","64+1*3","67"
"千暮雪","农牧","中","50","253+2*3=259","253+2*3","259"
"千暮雪","制作","优","256","603+4*3=615","603+4*3","615"
"千暮雪","理财","良","71","428+4*3=440","428+4*3","440"
"千暮雪","探险","良","57","416+5*3=431","416+5*3","431"
"顾半城","建造","良","57","416+5*3=431","416+5*3","431"
"顾半城","农牧","差","37","86+1*3=89","86+1*3","89"
"顾半城","制作","良","71","428+4*3=440","428+4*3","440"
"顾半城","理财","优","256","603+4*3=615","603+4*3","615"
"顾半城","探险","中","39","238+2*3=244","238+2*3","244"
"盛羽林","建造","优","83","602+6*3=620","602+6*3","620"
"盛羽林","农牧","差","38","82+6*3=100","82+6*3","100"
"盛羽林","制作","中","100","245+2*3=251","245+2*3","251"
"盛羽林","理财","差","19","94+1*3=97","94+1*3","97"
"盛羽林","探险","良","58","417+5*3=432","417+5*3","432"
"柳春莺","建造","差","38","87+1*3=90","87+1*3","90"
"柳春莺","农牧","中","51","254+2*3=260","254+2*3","260"
"柳春莺","制作","良","72","429+4*3=441","429+4*3","441"
"柳春莺","理财","良","184","435+3*3=444","435+3*3","444"
"柳春莺","探险","优","83","602+6*3=620","602+6*3","620"
"夏剪春","建造","差","15","64+1*3=67","64+1*3","67"
"夏剪春","农牧","中","50","253+2*3=259","253+2*3","259"
"夏剪春","制作","优","256","603+4*3=615","603+4*3","615"
"夏剪春","理财","良","71","428+4*3=440","428+4*3","440"
"夏剪春","探险","良","57","416+5*3=431","416+5*3","431"
"罗一响","建造","良","184","435+3*3=444","435+3*3","444"
"罗一响","农牧","差","16","65+1*3=68","65+1*3","68"
"罗一响","制作","差","38","87+1*3=90","87+1*3","90"
"罗一响","理财","优","96","607+5*3=622","607+5*3","622"
"罗一响","探险","中","51","254+2*3=260","254+2*3","260"
"杜言游","建造","差","15","64+1*3=67","64+1*3","67"
"杜言游","农牧","良","57","416+5*3=431","416+5*3","431"
"杜言游","制作","差","37","86+1*3=89","86+1*3","89"
"杜言游","理财","中","39","238+2*3=244","238+2*3","244"
"杜言游","探险","优","95","606+5*3=621","606+5*3","621"
"荣嘉","建造","中","99","244+2*3=250","244+2*3","250"
"荣嘉","农牧","良","183","434+3*3=443","434+3*3","443"
"荣嘉","制作","中","39","238+2*3=244","238+2*3","244"
"荣嘉","理财","优","82","601+6*3=619","601+6*3","619"
"荣嘉","探险","差","15","64+1*3=67","64+1*3","67"
"李旋箫","建造","差","16","65+1*3=68","65+1*3","68"
"李旋箫","农牧","差","16","65+1*3=68","65+1*3","68"
"李旋箫","制作","中","100","245+2*3=251","245+2*3","251"
"李旋箫","理财","优","257","604+2*3=610","604+2*3","610"
"李旋箫","探险","良","184","435+3*3=444","435+3*3","444"
"邱仲","建造","优","257","604+4*3=616","604+4*3","616"
"邱仲","农牧","中","40","239+2*3=245","239+2*3","245"
"邱仲","制作","差","16","65+1*3=68","65+1*3","68"
"邱仲","理财","差","19","94+1*3=97","94+1*3","97"
"邱仲","探险","良","72","429+4*3=441","429+4*3","441"
"姜寿","建造","良","183","434+3*3=443","434+3*3","443"
"姜寿","农牧","差","18","93+1*3=96","93+1*3","96"
"姜寿","制作","中","39","238+2*3=244","238+2*3","244"
"姜寿","理财","优","82","601+6*3=619","601+6*3","619"
"姜寿","探险","中","39","238+2*3=244","238+2*3","244"
"窦有禅","建造","差","16","65+1*3=68","65+1*3","68"
"窦有禅","农牧","优","83","602+6*3=620","602+6*3","620"
"窦有禅","制作","良","184","435+3*3=444","435+3*3","444"
"窦有禅","理财","中","40","239+2*3=245","239+2*3","245"
"窦有禅","探险","良","58","417+5*3=432","417+5*3","432"
"刘玉谨","建造","差","16","65+1*3=68","65+1*3","68"
"刘玉谨","农牧","中","100","245+2*3=251","245+2*3","251"
"刘玉谨","制作","优","96","607+5*3=622","607+5*3","622"
"刘玉谨","理财","中","40","239+2*3=245","239+2*3","245"
"刘玉谨","探险","良","58","417+5*3=432","417+5*3","432"
"裴闻镜","建造","中","50","253+2*3=259","253+2*3","259"
"裴闻镜","农牧","差","15","64+1*3=67","64+1*3","67"
"裴闻镜","制作","优","256","603+4*3=615","603+4*3","615"
"裴闻镜","理财","良","57","416+5*3=431","416+5*3","431"
"裴闻镜","探险","良","71","428+4*3=440","428+4*3","440"
"花晚照","建造","差","15","64+1*3=67","64+1*3","67"
"花晚照","农牧","良","183","434+3*3=443","434+3*3","443"
"花晚照","制作","中","39","238+2*3=244","238+2*3","244"
"花晚照","理财","中","50","253+2*3=259","253+2*3","259"
"花晚照","探险","优","82","601+6*3=619","601+6*3","619"
"曹亦","建造","中","51","254+2*3=260","254+2*3","260"
"曹亦","农牧","差","38","87+1*3=90","87+1*3","90"
"曹亦","制作","差","16","65+1*3=68","65+1*3","68"
"曹亦","理财","良","72","429+4*3=441","429+4*3","441"
"曹亦","探险","优","257","604+4*3=616","604+4*3","616"
"杜言行","建造","差","16","65+1*3=68","65+1*3","68"
"杜言行","农牧","优","83","602+6*3=620","602+6*3","620"
"杜言行","制作","差","38","87+1*3=90","87+1*3","90"
"杜言行","理财","良","58","417+5*3=432","417+5*3","432"
"杜言行","探险","中","100","245+2*3=251","245+2*3","251"
"高舞","建造","良","183","434+3*3=443","434+3*3","443"
"高舞","农牧","中","50","253+2*3=259","253+2*3","259"
"高舞","制作","差","18","93+1*3=96","93+1*3","96"
"高舞","理财","中","99","244+2*3=250","244+2*3","250"
"高舞","探险","优","82","601+6*3=619","601+6*3","619"
"元采蓝","建造","良","183","434+3*3=443","434+3*3","443"
"元采蓝","农牧","差","18","93+1*3=96","93+1*3","96"
"元采蓝","制作","优","82","601+6*3=619","601+6*3","619"
"元采蓝","理财","中","39","238+2*3=244","238+2*3","244"
"元采蓝","探险","差","37","86+1*3=89","86+1*3","89"
"时闯","建造","良","184","435+3*3=444","435+3*3","444"
"时闯","农牧","差","19","94+1*3=97","94+1*3","97"
"时闯","制作","差","38","87+1*3=90","87+1*3","90"
"时闯","理财","中","40","239+2*3=245","239+2*3","245"
"时闯","探险","优","83","602+6*3=620","602+6*3","620"
"乐闻","建造","差","37","86+1*3=89","86+1*3","89"
"乐闻","农牧","优","95","606+5*3=621","606+5*3","621"
"乐闻","制作","良","57","416+5*3=431","416+5*3","431"
"乐闻","理财","差","15","64+1*3=67","64+1*3","67"
"乐闻","探险","中","50","253+2*3=259","253+2*3","259"
"云晴雪","建造","优","83","602+6*3=620","602+6*3","620"
"云晴雪","农牧","中","51","254+2*3=260","254+2*3","260"
"云晴雪","制作","差","38","87+1*3=90","87+1*3","90"
"云晴雪","理财","良","72","429+4*3=441","429+4*3","441"
"云晴雪","探险","良","58","417+5*3=432","417+5*3","432"
"袁公","建造","差","38","87+1*3=90","87+1*3","90"
"袁公","农牧","良","184","435+3*3=444","435+3*3","444"
"袁公","制作","优","83","602+6*3=620","602+6*3","620"
"袁公","理财","差","16","65+1*3=68","65+1*3","68"
"袁公","探险","中","100","245+2*3=251","245+2*3","251"
"满庭芳","建造","差","15","64+1*3=67","64+1*3","67"
"满庭芳","农牧","良","183","434+3*3=443","434+3*3","443"
"满庭芳","制作","中","39","238+2*3=244","238+2*3","244"
"满庭芳","理财","优","82","601+6*3=619","601+6*3","619"
"满庭芳","探险","差","37","86+1*3=89","86+1*3","89"
"龙女","建造","中","40","239+2*3=245","239+2*3","245"
"龙女","农牧","良","184","435+3*3=444","435+3*3","444"
"龙女","制作","差","19","94+1*3=97","94+1*3","97"
"龙女","理财","优","83","602+6*3=620","602+6*3","620"
"龙女","探险","差","16","65+1*3=68","65+1*3","68"
"郭天问","建造","优","95","606+5*3=621","606+5*3","621"
"郭天问","农牧","优","82","601+6*3=619","601+6*3","619"
"郭天问","制作","差","18","93+1*3=96","93+1*3","96"
"郭天问","理财","差","15","64+1*3=67","64+1*3","67"
"郭天问","探险","中","39","238+2*3=244","238+2*3","244"
"佘太君","建造","中","50","253+2*3=259","253+2*3","259"
"佘太君","农牧","良","183","434+3*3=443","434+3*3","443"
"佘太君","制作","良","71","428+4*3=440","428+4*3","440"
"佘太君","理财","优","256","603+4*3=615","603+4*3","615"
"佘太君","探险","差","15","64+1*3=67","64+1*3","67"
"红孩儿","建造","良","71","428+4*3=440","428+4*3","440"
"红孩儿","农牧","差","18","93+1*3=96","93+1*3","96"
"红孩儿","制作","中","99","244+2*3=250","244+2*3","250"
"红孩儿","理财","优","256","603+4*3=615","603+4*3","615"
"红孩儿","探险","差","15","64+1*3=67","64+1*3","67"
"谢道韫","建造","良","71","428+4*3=440","428+4*3","440"
"谢道韫","农牧","中","50","253+2*3=259","253+2*3","259"
"谢道韫","制作","优","256","603+4*3=615","603+4*3","615"
"谢道韫","理财","差","15","64+1*3=67","64+1*3","67"
"谢道韫","探险","中","99","244+2*3=250","244+2*3","250"
"蓝玉","建造","良","183","434+3*3=443","434+3*3","443"
"蓝玉","农牧","中","50","253+2*3=259","253+2*3","259"
"蓝玉","制作","差","15","64+1*3=67","64+1*3","67"
"蓝玉","理财","差","15","64+1*3=67","64+1*3","67"
"蓝玉","探险","优","82","601+6*3=619","601+6*3","619"
"兰陵笑笑生","建造","差","16","65+1*3=68","65+1*3","68"
"兰陵笑笑生","农牧","良","72","429+4*3=441","429+4*3","441"
"兰陵笑笑生","制作","中","51","254+2*3=260","254+2*3","260"
"兰陵笑笑生","理财","优","96","607+5*3=622","607+5*3","622"
"兰陵笑笑生","探险","差","16","65+1*3=68","65+1*3","68"
"金圣叹","建造","优","256","603+4*3=615","603+4*3","615"
"金圣叹","农牧","良","71","428+4*3=440","428+4*3","440"
"金圣叹","制作","差","15","64+1*3=67","64+1*3","67"
"金圣叹","理财","差","15","64+1*3=67","64+1*3","67"
"金圣叹","探险","中","50","253+2*3=259","253+2*3","259"
"袁可立","建造","中","52","255+2*3=261","255+2*3","261"
"袁可立","农牧","优","97","608+5*3=623","608+5*3","623"
"袁可立","制作","良","73","430+4*3=442","430+4*3","442"
"袁可立","理财","良","59","418+5*3=433","418+5*3","433"
"袁可立","探险","优","258","605+4*3=617","605+4*3","617"
"木增","建造","优","83","602+6*3=620","602+6*3","620"
"木增","农牧","良","72","429+4*3=441","429+4*3","441"
"木增","制作","中","51","254+2*3=260","254+2*3","260"
"木增","理财","优","83","602+6*3=620","602+6*3","620"
"木增","探险","差","16","65+1*3=68","65+1*3","68"
"小青","建造","中","53","256+2*3=262","256+2*3","262"
"小青","农牧","差","18","67+1*3=70","67+1*3","70"
"小青","制作","良","186","437+3*3=446","437+3*3","446"
"小青","理财","优","259","606+4*3=618","606+4*3","618"
"小青","探险","良","74","431+4*3=443","431+4*3","443"
"温庭筠","建造","中","50","253+2*3=259","253+2*3","259"
"温庭筠","农牧","良","71","428+4*3=440","428+4*3","440"
"温庭筠","制作","中","50","253+2*3=259","253+2*3","259"
"温庭筠","理财","差","15","64+1*3=67","64+1*3","67"
"温庭筠","探险","优","256","603+4*3=615","603+4*3","615"
"杜牧","建造","优","94","605+5*3=620","605+5*3","620"
"杜牧","农牧","良","56","415+5*3=430","415+5*3","430"
"杜牧","制作","差","17","92+1*3=95","92+1*3","95"
"杜牧","理财","优","81","600+6*3=618","600+6*3","618"
"杜牧","探险","中","38","237+2*3=243","237+2*3","243"
"阮籍","建造","差","40","89+1*3=92","89+1*3","92"
"阮籍","农牧","优","85","604+6*3=622","604+6*3","622"
"阮籍","制作","良","186","437+3*3=446","437+3*3","446"
"阮籍","理财","优","259","606+4*3=618","606+4*3","618"
"阮籍","探险","中","102","247+2*3=253","247+2*3","253"
"王如一","建造","良","58","417+5*3=432","417+5*3","432"
"王如一","农牧","差","19","94+1*3=97","94+1*3","97"
"王如一","制作","良","72","429+4*3=441","429+4*3","441"
"王如一","理财","优","96","607+5*3=622","607+5*3","622"
"王如一","探险","优","83","602+6*3=620","602+6*3","620"
"陆深","建造","中","100","245+2*3=251","245+2*3","251"
"陆深","农牧","优","83","602+6*3=620","602+6*3","620"
"陆深","制作","优","257","604+4*3=616","604+4*3","616"
"陆深","理财","良","72","429+4*3=441","429+4*3","441"
"陆深","探险","中","40","239+2*3=245","239+2*3","245"
"魏徵","建造","良","56","415+5*3=430","415+5*3","430"
"魏徵","农牧","良","182","539+3*3=548","539+3*3","548"
"魏徵","制作","中","49","252+2*3=258","252+2*3","258"
"魏徵","理财","中","49","252+2*3=258","252+2*3","258"
"魏徵","探险","优","94","605+5*3=620","605+5*3","620"
"左思","建造","良","183","434+3*3=443","434+3*3","443"
"左思","农牧","中","39","238+2*3=244","238+2*3","244"
"左思","制作","特","319","772+5*3=787","772+5*3","787"
"左思","理财","中","99","244+2*3=250","244+2*3","250"
"左思","探险","中","99","244+2*3=250","244+2*3","250"
"姚广孝","建造","优","258","605+4*3=617","605+4*3","617"
"姚广孝","农牧","中","41","240+2*3=246","240+2*3","246"
"姚广孝","制作","优","258","605+4*3=617","605+4*3","617"
"姚广孝","理财","良","59","418+5*3=433","418+5*3","433"
"姚广孝","探险","差","20","95+1*3=98","95+1*3","98"
"白玉堂","建造","良","56","415+5*3=430","415+5*3","430"
"白玉堂","农牧","中","98","243+2*3=249","243+2*3","249"
"白玉堂","制作","良","70","429+4*3=441","429+4*3","441"
"白玉堂","理财","优","94","605+5*3=620","605+5*3","620"
"白玉堂","探险","优","255","602+4*3=614","602+4*3","614"
"苏武","建造","中","40","239+2*3=245","239+2*3","245"
"苏武","农牧","优","96","607+5*3=622","607+5*3","622"
"苏武","制作","中","100","245+2*3=251","245+2*3","251"
"苏武","理财","差","19","94+1*3=97","94+1*3","97"
"苏武","探险","优","96","607+5*3=622","607+5*3","622"
"祝枝山","建造","中","140","245+2*3=251","245+2*3","251"
"祝枝山","农牧","优","257","604+4*3=616","604+4*3","616"
"祝枝山","制作","特","80","785+6*3=803","785+6*3","803"
"祝枝山","理财","中","51","254+2*3=260","254+2*3","260"
"祝枝山","探险","良","58","417+5*3=432","417+5*3","432"
"刘淑贞","建造","良","59","418+5*3=433","418+5*3","433"
"刘淑贞","农牧","优","84","603+6*3=621","603+6*3","621"
"刘淑贞","制作","中","52","255+2*3=261","255+2*3","261"
"刘淑贞","理财","优","97","608+5*3=623","608+5*3","623"
"刘淑贞","探险","中","52","255+2*3=261","255+2*3","261"
"赵明诚","建造","优","83","602+3*3=611","602+3*3","611"
"赵明诚","农牧","良","58","417+4*3=429","417+4*3","429"
"赵明诚","制作","中","40","239+2*3=245","239+2*3","245"
"赵明诚","理财","差","19","94+1*3=97","94+1*3","97"
"赵明诚","探险","中","51","254+2*3=260","254+2*3","260"
"林奴儿","建造","中","39","238+6*3=256","238+6*3","256"
"林奴儿","农牧","中","39","238+5*3=253","238+5*3","253"
"林奴儿","制作","良","57","416+3*3=425","416+3*3","425"
"林奴儿","理财","优","256","603+2*3=609","603+2*3","609"
"林奴儿","探险","差","18","93+6*3=111","93+6*3","111"
"钟馗","建造","良","74","431+6*3=449","431+6*3","449"
"钟馗","农牧","优","85","604+5*3=619","604+5*3","619"
"钟馗","制作","优","259","606+3*3=615","606+3*3","615"
"钟馗","理财","中","42","241+2*3=247","241+2*3","247"
"钟馗","探险","良","60","419+6*3=437","419+6*3","437"
"梁山伯","建造","优","84","603+6*3=621","603+6*3","621"
"梁山伯","农牧","良","59","418+5*3=433","418+5*3","433"
"梁山伯","制作","良","185","436+3*3=445","436+3*3","445"
"梁山伯","理财","中","41","240+2*3=246","240+2*3","246"
"梁山伯","探险","优","84","603+6*3=621","603+6*3","621"
"潘安","建造","优","83","602+6*3=620","602+6*3","620"
"潘安","农牧","良","58","417+5*3=432","417+5*3","432"
"潘安","制作","中","40","239+2*3=245","239+2*3","245"
"潘安","理财","中","100","245+2*3=251","245+2*3","251"
"潘安","探险","优","96","607+5*3=622","607+5*3","622"
"秦良玉","建造","差","16","65+1*3=68","65+1*3","68"
"秦良玉","农牧","良","72","429+4*3=441","429+4*3","441"
"秦良玉","制作","优","83","602+6*3=620","602+6*3","620"
"秦良玉","理财","优","96","607+5*3=622","607+5*3","622"
"秦良玉","探险","良","184","435+3*3=444","435+3*3","444"
"狄青","建造","良","60","419+5*3=434","419+5*3","434"
"狄青","农牧","良","60","419+5*3=434","419+5*3","434"
"狄青","制作","中","42","241+2*3=247","241+2*3","247"
"狄青","理财","良","186","437+3*3=446","437+3*3","446"
"狄青","探险","良","74","431+4*3=443","431+4*3","443"
"穆桂英","建造","良","72","429+4*3=441","429+4*3","441"
"穆桂英","农牧","中","100","245+2*3=251","245+2*3","251"
"穆桂英","制作","特","120","785+6*3=803","785+6*3","803"
"穆桂英","理财","中","51","254+2*3=260","254+2*3","260"
"穆桂英","探险","良","58","417+5*3=432","417+5*3","432"
"朱元璋","建造","优","95","606+5*3=621","606+5*3","621"
"朱元璋","农牧","特","119","784+6*3=802","784+6*3","802"
"朱元璋","制作","中","39","238+2*3=244","238+2*3","244"
"朱元璋","理财","差","18","93+1*3=96","93+1*3","96"
"朱元璋","探险","中","99","244+2*3=250","244+2*3","250"
"许宣","建造","中","102","247+2*3=253","247+2*3","253"
"许宣","农牧","良","60","419+5*3=434","419+5*3","434"
"许宣","制作","优","98","609+5*3=624","609+5*3","624"
"许宣","理财","特","322","775+5*3=790","775+5*3","790"
"许宣","探险","良","186","437+3*3=446","437+3*3","446"
"利玛窦","建造","差","34","83+1*3=86","83+1*3","86"
"利玛窦","农牧","中","47","250+2*3=256","250+2*3","256"
"利玛窦","制作","良","54","413+5*3=428","413+5*3","428"
"利玛窦","理财","优","92","603+5*3=618","603+5*3","618"
"利玛窦","探险","良","54","413+5*3=428","413+5*3","428"
"徐光启","建造","中","40","239+2*3=245","239+2*3","245"
"徐光启","农牧","优","257","604+4*3=616","604+4*3","616"
"徐光启","制作","良","58","417+5*3=432","417+5*3","432"
"徐光启","理财","中","100","245+2*3=251","245+2*3","251"
"徐光启","探险","中","51","254+2*3=260","254+2*3","260"
"郑和","建造","优","85","604+6*3=622","604+6*3","622"
"郑和","农牧","中","42","241+2*3=247","241+2*3","247"
"郑和","制作","中","42","241+2*3=247","241+2*3","247"
"郑和","理财","中","102","247+2*3=253","247+2*3","253"
"郑和","探险","优","85","604+6*3=622","604+6*3","622"
"徐霞客","建造","中","97","242+2*3=248","242+2*3","248"
"徐霞客","农牧","差","35","84+1*3=87","84+1*3","87"
"徐霞客","制作","优","93","604+5*3=619","604+5*3","619"
"徐霞客","理财","中","37","236+2*3=242","236+2*3","242"
"徐霞客","探险","特","317","770+5*3=785","770+5*3","785"
"吴黎","建造","优","82","601+6*3=619","601+6*3","619"
"吴黎","农牧","中","50","253+2*3=259","253+2*3","259"
"吴黎","制作","优","256","603+4*3=615","603+4*3","615"
"吴黎","理财","差","18","93+1*3=96","93+1*3","96"
"吴黎","探险","差","37","86+1*3=89","86+1*3","89"
"董其昌","建造","中","41","240+2*3=246","240+2*3","246"
"董其昌","农牧","差","20","95+1*3=98","95+1*3","98"
"董其昌","制作","特","121","786+5*3=801","786+5*3","801"
"董其昌","理财","优","258","605+4*3=617","605+4*3","617"
"董其昌","探险","良","185","436+3*3=445","436+3*3","445"
"文徵明","建造","特","144","782+7*3=803","782+7*3","803"
"文徵明","农牧","中","125","240+2*3=246","240+2*3","246"
"文徵明","制作","中","66","249+2*3=255","249+2*3","255"
"文徵明","理财","差","43","82+1*3=85","82+1*3","85"
"文徵明","探险","优","131","602+5*3=617","602+5*3","617"
"阿朵","建造","中","40","239+2*3=245","239+2*3","245"
"阿朵","农牧","良","58","417+5*3=432","417+5*3","432"
"阿朵","制作","优","257","604+4*3=616","604+4*3","616"
"阿朵","理财","中","51","254+2*3=260","254+2*3","260"
"阿朵","探险","优","83","602+6*3=620","602+6*3","620"
"迅娃儿","建造","差","4","63+1*4=67","63+1*4","67"
"迅娃儿","农牧","良","30","431+3*4=443","431+3*4","443"
"迅娃儿","制作","差","4","63+1*4=67","63+1*4","67"
"迅娃儿","理财","中","17","242+2*4=250","242+2*4","250"
"迅娃儿","探险","良","22","411+5*4=431","411+5*4","431"
"骆问机","建造","中","33","251+2*4=259","251+2*4","259"
"骆问机","农牧","差","12","92+1*4=96","92+1*4","96"
"骆问机","制作","差","9","63+1*4=67","63+1*4","67"
"骆问机","理财","中","57","242+2*4=250","242+2*4","250"
"骆问机","探险","良","37","411+5*4=431","411+5*4","431"
"陈随","建造","差","9","63+1*4=67","63+1*4","67"
"陈随","农牧","中","33","251+2*4=259","251+2*4","259"
"陈随","制作","良","37","411+5*4=431","411+5*4","431"
"陈随","理财","差","9","63+1*4=67","63+1*4","67"
"陈随","探险","中","27","236+2*4=244","236+2*4","244"
"元卜意","建造","差","10","64+1*4=68","64+1*4","68"
"元卜意","农牧","中","34","252+2*4=260","252+2*4","260"
"元卜意","制作","差","22","86+1*4=90","86+1*4","90"
"元卜意","理财","中","58","243+2*4=251","243+2*4","251"
"元卜意","探险","良","106","432+3*4=444","432+3*4","444"
"陶姜","建造","差","21","85+1*4=89","85+1*4","89"
"陶姜","农牧","中","27","236+2*4=244","236+2*4","244"
"陶姜","制作","良","47","424+4*4=440","424+4*4","440"
"陶姜","理财","中","33","251+2*4=259","251+2*4","259"
"陶姜","探险","差","9","63+1*4=67","63+1*4","67"
"秦子棠","建造","中","27","236+2*4=244","236+2*4","244"
"秦子棠","农牧","差","9","63+1*4=67","63+1*4","67"
"秦子棠","制作","差","21","85+1*4=89","85+1*4","89"
"秦子棠","理财","良","37","411+5*4=431","411+5*4","431"
"秦子棠","探险","差","12","92+1*4=96","92+1*4","96"
"文汉儒","建造","中","57","242+2*4=250","242+2*4","250"
"文汉儒","农牧","差","9","63+1*4=67","63+1*4","67"
"文汉儒","制作","中","27","236+2*4=244","236+2*4","244"
"文汉儒","理财","良","105","431+3*4=443","431+3*4","443"
"文汉儒","探险","差","9","63+1*4=67","63+1*4","67"
"狄仁杰","建造","良","106","432+3*4=444","432+3*4","444"
"狄仁杰","农牧","差","10","64+1*4=68","64+1*4","68"
"狄仁杰","制作","差","22","86+1*4=90","86+1*4","90"
"狄仁杰","理财","中","28","237+2*4=245","237+2*4","245"
"狄仁杰","探险","中","58","243+2*4=251","243+2*4","251"
"苏小妹","建造","中","34","252+2*4=260","252+2*4","260"
"苏小妹","农牧","差","13","93+1*4=97","93+1*4","97"
"苏小妹","制作","中","58","243+2*4=251","243+2*4","251"
"苏小妹","理财","良","48","425+4*4=441","425+4*4","441"
"苏小妹","探险","差","10","64+1*4=68","64+1*4","68"
"杜秋娘","建造","中","33","251+2*4=259","251+2*4","259"
"杜秋娘","农牧","中","33","251+2*4=259","251+2*4","259"
"杜秋娘","制作","良","105","431+3*4=443","431+3*4","443"
"杜秋娘","理财","差","9","63+1*4=67","63+1*4","67"
"杜秋娘","探险","差","9","63+1*4=67","63+1*4","67"
"小蛮","建造","良","107","433+3*4=445","433+3*4","445"
"小蛮","农牧","优","58","597+6*4=621","597+6*4","621"
"小蛮","制作","中","35","253+2*4=261","253+2*4","261"
"小蛮","理财","差","14","94+1*4=98","94+1*4","98"
"小蛮","探险","差","23","87+1*4=91","87+1*4","91"
"薛素素","建造","差","15","95+1*4=99","95+1*4","99"
"薛素素","农牧","中","30","239+2*4=247","239+2*4","247"
"薛素素","制作","优","59","598+6*4=622","598+6*4","622"
"薛素素","理财","良","40","414+5*4=434","414+5*4","434"
"薛素素","探险","差","12","66+1*4=70","66+1*4","70"
"聂隐娘","建造","中","29","238+2*4=246","238+2*4","246"
"聂隐娘","农牧","差","14","94+1*4=98","94+1*4","98"
"聂隐娘","制作","差","23","87+1*4=91","87+1*4","91"
"聂隐娘","理财","差","14","94+1*4=98","94+1*4","98"
"聂隐娘","探险","优","58","597+6*4=621","597+6*4","621"
"李师师","建造","差","13","93+1*4=97","93+1*4","97"
"李师师","农牧","差","22","86+1*4=90","86+1*4","90"
"李师师","制作","中","58","243+2*4=251","243+2*4","251"
"李师师","理财","良","38","412+5*4=432","412+5*4","432"
"李师师","探险","差","10","64+1*4=68","64+1*4","68"
"董夫人","建造","差","23","87+1*4=91","87+1*4","91"
"董夫人","农牧","中","29","238+2*4=246","238+2*4","246"
"董夫人","制作","良","39","413+5*4=433","413+5*4","433"
"董夫人","理财","中","59","244+2*4=252","244+2*4","252"
"董夫人","探险","差","14","94+1*4=98","94+1*4","98"
"冯梦龙","建造","中","58","243+2*4=251","243+2*4","251"
"冯梦龙","农牧","差","13","93+1*4=97","93+1*4","97"
"冯梦龙","制作","中","58","243+2*4=251","243+2*4","251"
"冯梦龙","理财","中","58","243+2*4=251","243+2*4","251"
"冯梦龙","探险","优","148","600+4*4=616","600+4*4","616"
"杜甫","建造","差","12","92+1*4=96","92+1*4","96"
"杜甫","农牧","优","56","595+6*4=619","595+6*4","619"
"杜甫","制作","中","33","251+2*4=259","251+2*4","259"
"杜甫","理财","良","37","411+5*4=431","411+5*4","431"
"杜甫","探险","中","27","236+2*4=244","236+2*4","244"
"大和抚子","建造","中","54","239+2*4=247","239+2*4","247"
"大和抚子","农牧","优","62","598+5*4=618","598+5*4","618"
"大和抚子","制作","差","9","89+1*4=93","89+1*4","93"
"大和抚子","理财","中","24","233+2*4=241","233+2*4","241"
"大和抚子","探险","良","34","408+5*4=428","408+5*4","428"
"沈万千","建造","差","13","93+1*4=97","93+1*4","97"
"沈万千","农牧","良","48","425+4*4=441","425+4*4","441"
"沈万千","制作","中","58","243+2*4=251","243+2*4","251"
"沈万千","理财","中","34","252+2*4=260","252+2*4","260"
"沈万千","探险","优","57","596+6*4=620","596+6*4","620"
"丽娘","建造","差","8","62+1*4=66","62+1*4","66"
"丽娘","农牧","中","26","235+2*4=243","235+2*4","243"
"丽娘","制作","优","64","600+5*4=620","600+5*4","620"
"丽娘","理财","良","46","423+4*4=439","423+4*4","439"
"丽娘","探险","中","56","241+2*4=249","241+2*4","249"
"汤显祖","建造","良","34","408+5*4=428","408+5*4","428"
"汤显祖","农牧","中","30","248+2*4=256","248+2*4","256"
"汤显祖","制作","差","9","89+1*4=93","89+1*4","93"
"汤显祖","理财","优","53","592+6*4=616","592+6*4","616"
"汤显祖","探险","中","24","233+2*4=241","233+2*4","241"
"史立清","建造","中","26","243+2*4=251","243+2*4","251"
"史立清","农牧","良","26","412+5*4=432","412+5*4","432"
"史立清","制作","差","9","93+1*4=97","93+1*4","97"
"史立清","理财","差","10","86+1*4=90","86+1*4","90"
"史立清","探险","中","22","252+2*4=260","252+2*4","260"
"柯有樵","建造","中","22","252+2*4=260","252+2*4","260"
"柯有樵","农牧","中","26","243+2*4=251","243+2*4","251"
"柯有樵","制作","良","26","412+5*4=432","412+5*4","432"
"柯有樵","理财","中","20","237+2*4=245","237+2*4","245"
"柯有樵","探险","差","10","86+1*4=90","86+1*4","90"
"高优","建造","中","22","252+2*4=260","252+2*4","260"
"高优","农牧","中","26","243+2*4=251","243+2*4","251"
"高优","制作","差","9","93+1*4=97","93+1*4","97"
"高优","理财","中","20","237+2*4=245","237+2*4","245"
"高优","探险","良","26","412+5*4=432","412+5*4","432"
"万户","建造","中","21","251+2*4=259","251+2*4","259"
"万户","农牧","差","5","63+1*4=67","63+1*4","67"
"万户","制作","中","25","242+2*4=250","242+2*4","250"
"万户","理财","差","5","63+1*4=67","63+1*4","67"
"万户","探险","良","25","411+5*4=431","411+5*4","431"
"马文才","建造","差","8","84+1*4=88","84+1*4","88"
"马文才","农牧","中","18","235+2*4=243","235+2*4","243"
"马文才","制作","差","7","91+1*4=95","91+1*4","95"
"马文才","理财","中","18","235+2*4=243","235+2*4","243"
"马文才","探险","差","4","62+1*4=66","62+1*4","66"
