"V1","V2","V3","V4","V5","firstHeading"
"建造","","","","","天工开物/专属"
"农牧","","","","","天工开物/专属"
"制作","","","","","天工开物/专属"
"理财","","","","","天工开物/专属"
"探险","","","","","天工开物/专属"
"建造","","12","","245","搜神记"
"农牧","","","","","搜神记"
"制作","","","","","搜神记"
"理财","","","","","搜神记"
"探险","","16","","289","搜神记"
"建造","","","","","桃木面具"
"农牧","","15","","297","桃木面具"
"制作","","","","","桃木面具"
"理财","","","","","桃木面具"
"探险","","11","","237","桃木面具"
"建造","","","","","紫铜手炉"
"农牧","","","","","紫铜手炉"
"制作","","16","","291","紫铜手炉"
"理财","","11","","237","紫铜手炉"
"探险","","","","","紫铜手炉"
"建造","","","","","皇后凤冠"
"农牧","","","","","皇后凤冠"
"制作","","15","","297","皇后凤冠"
"理财","","12","","236","皇后凤冠"
"探险","","","","","皇后凤冠"
"建造","","15","","288","乐章集"
"农牧","","","","","乐章集"
"制作","","","","","乐章集"
"理财","","","","","乐章集"
"探险","","13","","246","乐章集"
"建造","","","","","浣花笺"
"农牧","","","","","浣花笺"
"制作","","11","","237","浣花笺"
"理财","","16","","289","浣花笺"
"探险","","","","","浣花笺"
"建造","","","","","阴阳剑"
"农牧","","","","","阴阳剑"
"制作","","","","297","阴阳剑"
"理财","","","","237","阴阳剑"
"探险","","","","","阴阳剑"
"建造","","","","","罗盘"
"农牧","","","","","罗盘"
"制作","","","","","罗盘"
"理财","","12","","245","罗盘"
"探险","","16","","289","罗盘"
"建造","","","","","破蒲扇"
"农牧","","","","","破蒲扇"
"制作","","15","","288","破蒲扇"
"理财","","","","","破蒲扇"
"探险","","13","","239","破蒲扇"
"建造","","","","","白玉观音"
"农牧","","14","","287","白玉观音"
"制作","","","","","白玉观音"
"理财","","12","","238","白玉观音"
"探险","","","","","白玉观音"
"建造","","16","","298","太湖石(珍宝)"
"农牧","","","","","太湖石(珍宝)"
"制作","","12","","245","太湖石(珍宝)"
"理财","","","","","太湖石(珍宝)"
"探险","","","","","太湖石(珍宝)"
"建造","","","","","珠袋"
"农牧","","","","","珠袋"
"制作","","","","","珠袋"
"理财","","15","","288","珠袋"
"探险","","12","","236","珠袋"
"建造","","","","","酉阳笔"
"农牧","","15","","297","酉阳笔"
"制作","","","","","酉阳笔"
"理财","","","","","酉阳笔"
"探险","","13","","246","酉阳笔"
"建造","","12","","238","红色拂尘"
"农牧","","","","","红色拂尘"
"制作","","","","","红色拂尘"
"理财","","","","","红色拂尘"
"探险","","16","","298","红色拂尘"
"建造","","12","","236","云梯"
"农牧","","","","","云梯"
"制作","","15","","297","云梯"
"理财","","","","","云梯"
"探险","","","","","云梯"
"建造","","","","","海上仙山画卷"
"农牧","","","","","海上仙山画卷"
"制作","","14","","289","海上仙山画卷"
"理财","","11","","235","海上仙山画卷"
"探险","","","","","海上仙山画卷"
"建造","","","","","则天诏令"
"农牧","","","","","则天诏令"
"制作","","13","","246","则天诏令"
"理财","","15","","288","则天诏令"
"探险","","","","","则天诏令"
"建造","","16","","298","骑凤仙人"
"农牧","","","","","骑凤仙人"
"制作","","12","","245","骑凤仙人"
"理财","","","","","骑凤仙人"
"探险","","","","","骑凤仙人"
"建造","","","","","龙骨车"
"农牧","","16","","298","龙骨车"
"制作","","11","","235","龙骨车"
"理财","","","","","龙骨车"
"探险","","","","","龙骨车"
"建造","","","","","开封日志"
"农牧","","","","","开封日志"
"制作","","16","","291","开封日志"
"理财","","","","","开封日志"
"探险","","11","","244","开封日志"
"建造","","","","","青铜雁足灯"
"农牧","","","","","青铜雁足灯"
"制作","","11","","237","青铜雁足灯"
"理财","","","","","青铜雁足灯"
"探险","","16","","291","青铜雁足灯"
"建造","","","","","蚕眠桑叶"
"农牧","","16","","291","蚕眠桑叶"
"制作","","","","","蚕眠桑叶"
"理财","","11","","237","蚕眠桑叶"
"探险","","","","","蚕眠桑叶"
"建造","","14","","287","楠竹戒尺"
"农牧","","10","","236","楠竹戒尺"
"制作","","","","","楠竹戒尺"
"理财","","","","","楠竹戒尺"
"探险","","","","","楠竹戒尺"
"建造","","","","","兽首玛瑙杯"
"农牧","","","","","兽首玛瑙杯"
"制作","","12","","236","兽首玛瑙杯"
"理财","","16","","291","兽首玛瑙杯"
"探险","","","","","兽首玛瑙杯"
"建造","","","","","缂丝木梭"
"农牧","","11","","235","缂丝木梭"
"制作","","14","","287","缂丝木梭"
"理财","","","","","缂丝木梭"
"探险","","","","","缂丝木梭"
"建造","","","","","红鸾铜镜"
"农牧","","","","","红鸾铜镜"
"制作","","","","","红鸾铜镜"
"理财","","12","","238","红鸾铜镜"
"探险","","15","","290","红鸾铜镜"
"建造","","","","","邮包"
"农牧","","","","","邮包"
"制作","","","","","邮包"
"理财","","12","","238","邮包"
"探险","","14","","296","邮包"
"建造","","","","","骑驴竹简"
"农牧","","","","","骑驴竹简"
"制作","","13","","237","骑驴竹简"
"理财","","","","","骑驴竹简"
"探险","","16","","289","骑驴竹简"
"建造","","","","","荷叶玉佩"
"农牧","","16","","289","荷叶玉佩"
"制作","","","","","荷叶玉佩"
"理财","","","","","荷叶玉佩"
"探险","","13","","246","荷叶玉佩"
"建造","","13","","246","镇妖宝塔"
"农牧","","","","","镇妖宝塔"
"制作","","","","","镇妖宝塔"
"理财","","","","","镇妖宝塔"
"探险","","16","","289","镇妖宝塔"
"建造","","10","","236","卧儿兔"
"农牧","","14","","287","卧儿兔"
"制作","","","","","卧儿兔"
"理财","","","","","卧儿兔"
"探险","","","","","卧儿兔"
"建造","","16","","289","千年枫木"
"农牧","","","","","千年枫木"
"制作","","","","","千年枫木"
"理财","","","","","千年枫木"
"探险","","12","","245","千年枫木"
"建造","","","","","不言纸扇"
"农牧","","11","","237","不言纸扇"
"制作","","14","","287","不言纸扇"
"理财","","","","","不言纸扇"
"探险","","","","","不言纸扇"
"建造","","16","","289","太平羯鼓"
"农牧","","10","","236","太平羯鼓"
"制作","","","","","太平羯鼓"
"理财","","","","","太平羯鼓"
"探险","","","","","太平羯鼓"
"建造","","16","","289","白杆长矛"
"农牧","","","","","白杆长矛"
"制作","","","","","白杆长矛"
"理财","","","","","白杆长矛"
"探险","","10","","236","白杆长矛"
"建造","","","","","雁字回时"
"农牧","","14","","287","雁字回时"
"制作","","12","","238","雁字回时"
"理财","","","","","雁字回时"
"探险","","","","","雁字回时"
"建造","","10","","234","星罗棋谱"
"农牧","","","","","星罗棋谱"
"制作","","","","","星罗棋谱"
"理财","","","","","星罗棋谱"
"探险","","15","","290","星罗棋谱"
"建造","","12","","236","九连环"
"农牧","","","","","九连环"
"制作","","15","","290","九连环"
"理财","","","","","九连环"
"探险","","","","","九连环"
"建造","","","","","达摩剑"
"农牧","","","","","达摩剑"
"制作","","","","","达摩剑"
"理财","","15","","290","达摩剑"
"探险","","10","","234","达摩剑"
"建造","","","","","油彩盒"
"农牧","","10","","236","油彩盒"
"制作","","","","","油彩盒"
"理财","","15","","288","油彩盒"
"探险","","","","","油彩盒"
"建造","","","","","兔子花灯"
"农牧","","12","","238","兔子花灯"
"制作","","14","","287","兔子花灯"
"理财","","","","","兔子花灯"
"探险","","","","","兔子花灯"
"建造","","","","","凤阳花鼓"
"农牧","","16","","291","凤阳花鼓"
"制作","","","","","凤阳花鼓"
"理财","","","","","凤阳花鼓"
"探险","","14","","247","凤阳花鼓"
"建造","","15","","290","惊涛铜琶"
"农牧","","","","","惊涛铜琶"
"制作","","","","","惊涛铜琶"
"理财","","13","","237","惊涛铜琶"
"探险","","","","","惊涛铜琶"
"建造","","","","","清音胡琴"
"农牧","","","","","清音胡琴"
"制作","","14","","287","清音胡琴"
"理财","","12","","238","清音胡琴"
"探险","","","","","清音胡琴"
"建造","","14","","289","飞星编钟"
"农牧","","","","","飞星编钟"
"制作","","","","","飞星编钟"
"理财","","","","","飞星编钟"
"探险","","12","","238","飞星编钟"
"建造","","","","","花雕酒坛"
"农牧","","","","","花雕酒坛"
"制作","","15","","297","花雕酒坛"
"理财","","13","","237","花雕酒坛"
"探险","","","","","花雕酒坛"
"建造","","","","","木雕小猫"
"农牧","","16","","291","木雕小猫"
"制作","","","","","木雕小猫"
"理财","","14","","247","木雕小猫"
"探险","","","","","木雕小猫"
"建造","","","","","陶鼎"
"农牧","","","","","陶鼎"
"制作","","16","","240","陶鼎"
"理财","","12","","196","陶鼎"
"探险","","","","","陶鼎"
"建造","","","","","红绸剪刀"
"农牧","","12","","236","红绸剪刀"
"制作","","15","","290","红绸剪刀"
"理财","","","","","红绸剪刀"
"探险","","","","","红绸剪刀"
"建造","","","","","瑶台花篮"
"农牧","","10","","234","瑶台花篮"
"制作","","13","","288","瑶台花篮"
"理财","","","","","瑶台花篮"
"探险","","","","","瑶台花篮"
"建造","","15","","288","玉屑饭"
"农牧","","","","","玉屑饭"
"制作","","12","","238","玉屑饭"
"理财","","","","","玉屑饭"
"探险","","","","","玉屑饭"
"建造","","","","","鲛珠"
"农牧","","","","","鲛珠"
"制作","","","","","鲛珠"
"理财","","16","","298","鲛珠"
"探险","","13","","246","鲛珠"
"建造","","14","","289","辟邪旗"
"农牧","","10","","234","辟邪旗"
"制作","","","","","辟邪旗"
"理财","","","","","辟邪旗"
"探险","","","","","辟邪旗"
"建造","","12","","245","常胜月杖"
"农牧","","","","","常胜月杖"
"制作","","","","","常胜月杖"
"理财","","","","","常胜月杖"
"探险","","16","","289","常胜月杖"
"建造","","","","","龙鳞装书籍"
"农牧","","","","","龙鳞装书籍"
"制作","","16","","298","龙鳞装书籍"
"理财","","11","","235","龙鳞装书籍"
"探险","","","","","龙鳞装书籍"
"建造","","10","","236","曲项琵琶"
"农牧","","14","","296","曲项琵琶"
"制作","","","","","曲项琵琶"
"理财","","","","","曲项琵琶"
"探险","","","","","曲项琵琶"
"建造","","","","","金缠腰"
"农牧","","13","","237","金缠腰"
"制作","","16","","289","金缠腰"
"理财","","","","","金缠腰"
"探险","","","","","金缠腰"
"建造","","","","","一卷报纸"
"农牧","","","","","一卷报纸"
"制作","","15","","290","一卷报纸"
"理财","","12","","238","一卷报纸"
"探险","","","","","一卷报纸"
"建造","","16","","289","魁星点斗"
"农牧","","","","","魁星点斗"
"制作","","10","","243","魁星点斗"
"理财","","","","","魁星点斗"
"探险","","","","","魁星点斗"
"建造","","","","","香粉盒"
"农牧","","","","","香粉盒"
"制作","","","","","香粉盒"
"理财","","10","","234","香粉盒"
"探险","","13","","295","香粉盒"
"建造","","","","","木雕漕船"
"农牧","","12","","238","木雕漕船"
"制作","","15","","290","木雕漕船"
"理财","","","","","木雕漕船"
"探险","","","","","木雕漕船"
"建造","","","","","檀木箜篌"
"农牧","","","","","檀木箜篌"
"制作","","","","","檀木箜篌"
"理财","","14","","289","檀木箜篌"
"探险","","9","","235","檀木箜篌"
"建造","","","","","破伞"
"农牧","","7","","233","破伞"
"制作","","15","","248","破伞"
"理财","","","","","破伞"
"探险","","","","","破伞"
"建造","","15","","297","鲁班刨"
"农牧","","","","","鲁班刨"
"制作","","12","","238","鲁班刨"
"理财","","","","","鲁班刨"
"探险","","","","","鲁班刨"
"建造","","","","","悬丝偶"
"农牧","","","","","悬丝偶"
"制作","","","","","悬丝偶"
"理财","","13","","288","悬丝偶"
"探险","","9","","184","悬丝偶"
"建造","","","","","绣花针"
"农牧","","","","","绣花针"
"制作","","14","","296","绣花针"
"理财","","10","","234","绣花针"
"探险","","","","","绣花针"
"建造","","","","","马鞭"
"农牧","","12","","245","马鞭"
"制作","","16","","291","马鞭"
"理财","","","","","马鞭"
"探险","","","","","马鞭"
"建造","","9","","186","天书"
"农牧","","","","","天书"
"制作","","","","","天书"
"理财","","12","","285","天书"
"探险","","","","","天书"
"建造","","","","","冰玉棋盘"
"农牧","","14","","296","冰玉棋盘"
"制作","","10","","236","冰玉棋盘"
"理财","","","","","冰玉棋盘"
"探险","","","","","冰玉棋盘"
"建造","","9","","235","胡萝卜牙雕"
"农牧","","","","","胡萝卜牙雕"
"制作","","15","","288","胡萝卜牙雕"
"理财","","","","","胡萝卜牙雕"
"探险","","","","","胡萝卜牙雕"
"建造","","","","","东坡肉"
"农牧","","","","","东坡肉"
"制作","","14","","287","东坡肉"
"理财","","6","","230","东坡肉"
"探险","","","","","东坡肉"
"建造","","16","","289","降龙木"
"农牧","","","","","降龙木"
"制作","","","","","降龙木"
"理财","","","","","降龙木"
"探险","","10","","236","降龙木"
"建造","","","","","风火轮/专属"
"农牧","","","","","风火轮/专属"
"制作","","10","","236","风火轮/专属"
"理财","","","","","风火轮/专属"
"探险","","15","","290","风火轮/专属"
"建造","","","","","玉算盘"
"农牧","","","","","玉算盘"
"制作","","","","","玉算盘"
"理财","","16","","298","玉算盘"
"探险","","10","","234","玉算盘"
"建造","","8","","234","离骚"
"农牧","","16","","291","离骚"
"制作","","","","","离骚"
"理财","","","","","离骚"
"探险","","","","","离骚"
"建造","","13","","237","羽扇"
"农牧","","","","","羽扇"
"制作","","","","","羽扇"
"理财","","10","","236","羽扇"
"探险","","","","","羽扇"
"建造","","10","","234","丈八蛇矛"
"农牧","","","","","丈八蛇矛"
"制作","","","","","丈八蛇矛"
"理财","","","","","丈八蛇矛"
"探险","","18","","291","丈八蛇矛"
"建造","","","","","白龙马"
"农牧","","","","","白龙马"
"制作","","13","","295","白龙马"
"理财","","","","","白龙马"
"探险","","8","","183","白龙马"
"建造","","","","","梧桐子"
"农牧","","13","","246","梧桐子"
"制作","","","","","梧桐子"
"理财","","8","","185","梧桐子"
"探险","","","","","梧桐子"
"建造","","","","","广陵散"
"农牧","","","","","广陵散"
"制作","","5","","229","广陵散"
"理财","","15","","297","广陵散"
"探险","","","","","广陵散"
"建造","","","","","虎蹲炮"
"农牧","","9","","242","虎蹲炮"
"制作","","","","","虎蹲炮"
"理财","","","","","虎蹲炮"
"探险","","19","","301","虎蹲炮"
"建造","","","","","永乐大钟"
"农牧","","","","","永乐大钟"
"制作","","16","","291","永乐大钟"
"理财","","9","","233","永乐大钟"
"探险","","","","","永乐大钟"
"建造","","","","","缰绳"
"农牧","","18","","291","缰绳"
"制作","","","","","缰绳"
"理财","","","","","缰绳"
"探险","","8","","234","缰绳"
"建造","","14","","296","御腰牌"
"农牧","","","","","御腰牌"
"制作","","","","","御腰牌"
"理财","","","","","御腰牌"
"探险","","8","","232","御腰牌"
"建造","","","","","螺钿盒子"
"农牧","","","","","螺钿盒子"
"制作","","7","","231","螺钿盒子"
"理财","","","","","螺钿盒子"
"探险","","16","","291","螺钿盒子"
"建造","","10","","236","江南春图"
"农牧","","15","","297","江南春图"
"制作","","","","","江南春图"
"理财","","","","","江南春图"
"探险","","","","","江南春图"
"建造","","9","","242","铜香炉"
"农牧","","","","","铜香炉"
"制作","","","","","铜香炉"
"理财","","11","","286","铜香炉"
"探险","","","","","铜香炉"
"建造","","14","","289","彝刀"
"农牧","","12","","238","彝刀"
"制作","","","","","彝刀"
"理财","","","","","彝刀"
"探险","","","","","彝刀"
"建造","","17","","290","自酿酒"
"农牧","","","","","自酿酒"
"制作","","","","","自酿酒"
"理财","","","","","自酿酒"
"探险","","9","","233","自酿酒"
"建造","","","","","梅花枝"
"农牧","","8","","241","梅花枝"
"制作","","15","","288","梅花枝"
"理财","","","","","梅花枝"
"探险","","","","","梅花枝"
"建造","","5","","131","蝴蝶佩·左"
"农牧","","","","","蝴蝶佩·左"
"制作","","","","","蝴蝶佩·左"
"理财","","","","","蝴蝶佩·左"
"探险","","11","","237","蝴蝶佩·左"
"建造","","5","","189","蝴蝶佩·右"
"农牧","","","","","蝴蝶佩·右"
"制作","","","","","蝴蝶佩·右"
"理财","","13","","288","蝴蝶佩·右"
"探险","","","","","蝴蝶佩·右"
"建造","","","","","北斗挂坠"
"农牧","","16","","249","北斗挂坠"
"制作","","","","","北斗挂坠"
"理财","","3","","236","北斗挂坠"
"探险","","","","","北斗挂坠"
"建造","","","","","银凰灸针"
"农牧","","","","","银凰灸针"
"制作","","6","","239","银凰灸针"
"理财","","14","","247","银凰灸针"
"探险","","","","","银凰灸针"
"建造","","","","","父乙簋"
"农牧","","","","","父乙簋"
"制作","","","","","父乙簋"
"理财","","15","","288","父乙簋"
"探险","","6","","232","父乙簋"
"建造","","10","","236","桃花枝"
"农牧","","","","","桃花枝"
"制作","","10","","292","桃花枝"
"理财","","","","","桃花枝"
"探险","","","","","桃花枝"
"建造","","","","","黎锦"
"农牧","","7","","240","黎锦"
"制作","","18","","293","黎锦"
"理财","","","","","黎锦"
"探险","","","","","黎锦"
"建造","","12","","238","浑不似"
"农牧","","","","","浑不似"
"制作","","","","","浑不似"
"理财","","","","","浑不似"
"探险","","15","","290","浑不似"
"建造","","","","","龟壳"
"农牧","","","","","龟壳"
"制作","","4","","228","龟壳"
"理财","","15","","288","龟壳"
"探险","","","","","龟壳"
"建造","","","","","孝头髻"
"农牧","","14","","287","孝头髻"
"制作","","4","","237","孝头髻"
"理财","","","","","孝头髻"
"探险","","","","","孝头髻"
"建造","","","","","虎头湛金枪"
"农牧","","","","","虎头湛金枪"
"制作","","17","","290","虎头湛金枪"
"理财","","","","","虎头湛金枪"
"探险","","3","","236","虎头湛金枪"
"建造","","","","","湖神石"
"农牧","","13","","295","湖神石"
"制作","","","","","湖神石"
"理财","","","","","湖神石"
"探险","","5","","229","湖神石"
"建造","","","","","李花枝"
"农牧","","5","","229","李花枝"
"制作","","","","","李花枝"
"理财","","","","","李花枝"
"探险","","13","","286","李花枝"
"建造","","11","","284","虎头铡"
"农牧","","","","","虎头铡"
"制作","","9","","235","虎头铡"
"理财","","","","","虎头铡"
"探险","","","","","虎头铡"
"建造","","","","","般若经"
"农牧","","5","","229","般若经"
"制作","","","","","般若经"
"理财","","","","","般若经"
"探险","","12","","285","般若经"
"建造","","","","","节寰剑"
"农牧","","","","","节寰剑"
"制作","","16","","298","节寰剑"
"理财","","4","","228","节寰剑"
"探险","","","","","节寰剑"
"建造","","15","","290","斩仙剑"
"农牧","","","","","斩仙剑"
"制作","","3","","236","斩仙剑"
"理财","","","","","斩仙剑"
"探险","","","","","斩仙剑"
"建造","","14","","296","银杯"
"农牧","","6","","230","银杯"
"制作","","","","","银杯"
"理财","","","","","银杯"
"探险","","","","","银杯"
"建造","","","","","透光镜"
"农牧","","14","","287","透光镜"
"制作","","8","","241","透光镜"
"理财","","","","","透光镜"
"探险","","","","","透光镜"
"建造","","","","","汉宫春晓图"
"农牧","","","","","汉宫春晓图"
"制作","","15","","297","汉宫春晓图"
"理财","","5","","278","汉宫春晓图"
"探险","","","","","汉宫春晓图"
"建造","","17","","299","清明上河图"
"农牧","","","","","清明上河图"
"制作","","3","","276","清明上河图"
"理财","","","","","清明上河图"
"探险","","","","","清明上河图"
"建造","","","","","凤凰"
"农牧","","6","","239","凤凰"
"制作","","16","","289","凤凰"
"理财","","","","","凤凰"
"探险","","","","","凤凰"
"建造","","","","","蛇玲珑"
"农牧","","6","","190","蛇玲珑"
"制作","","","","","蛇玲珑"
"理财","","14","","287","蛇玲珑"
"探险","","","","","蛇玲珑"
"建造","","14","","287","龙年鞭炮"
"农牧","","","","","龙年鞭炮"
"制作","","6","","190","龙年鞭炮"
"理财","","","","","龙年鞭炮"
"探险","","","","","龙年鞭炮"
"建造","","","","","八景宫灯"
"农牧","","","","","八景宫灯"
"制作","","","","","八景宫灯"
"理财","","5","","182","八景宫灯"
"探险","","14","","289","八景宫灯"
"建造","","8","","183","玉净瓶"
"农牧","","13","","286","玉净瓶"
"制作","","","","","玉净瓶"
"理财","","","","","玉净瓶"
"探险","","","","","玉净瓶"
"建造","","","","","夜明珠"
"农牧","","","","","夜明珠"
"制作","","","","","夜明珠"
"理财","","12","","189","夜明珠"
"探险","","8","","136","夜明珠"
"建造","","","","","琉璃瓶"
"农牧","","3","","285","琉璃瓶"
"制作","","16","","191","琉璃瓶"
"理财","","","","","琉璃瓶"
"探险","","","","","琉璃瓶"
"建造","","","","","风火轮"
"农牧","","","","","风火轮"
"制作","","6","","141","风火轮"
"理财","","","","","风火轮"
"探险","","15","","297","风火轮"
"建造","","14","","289","打神鞭"
"农牧","","","","","打神鞭"
"制作","","5","","189","打神鞭"
"理财","","","","","打神鞭"
"探险","","","","","打神鞭"
"建造","","","","","缚龙索"
"农牧","","","","","缚龙索"
"制作","","16","","291","缚龙索"
"理财","","","","","缚龙索"
"探险","","7","","191","缚龙索"
"建造","","","","","太极图"
"农牧","","4","","188","太极图"
"制作","","","","","太极图"
"理财","","17","","292","太极图"
"探险","","","","","太极图"
"建造","","","","","哮天犬"
"农牧","","15","","248","哮天犬"
"制作","","","","","哮天犬"
"理财","","","","","哮天犬"
"探险","","5","","238","哮天犬"
"建造","","","","","鸡缸杯"
"农牧","","16","","242","鸡缸杯"
"制作","","5","","131","鸡缸杯"
"理财","","","","","鸡缸杯"
"探险","","","","","鸡缸杯"
"建造","","","","","焦尾琴"
"农牧","","","","","焦尾琴"
"制作","","","","","焦尾琴"
"理财","","6","","132","焦尾琴"
"探险","","15","","241","焦尾琴"
"建造","","","","","青铜爵"
"农牧","","","","","青铜爵"
"制作","","15","","288","青铜爵"
"理财","","4","","90","青铜爵"
"探险","","","","","青铜爵"
"建造","","15","","241","玉玺"
"农牧","","","","","玉玺"
"制作","","","","","玉玺"
"理财","","","","","玉玺"
"探险","","5","","133","玉玺"
"建造","","4","","139","镇河铁犀"
"农牧","","","","","镇河铁犀"
"制作","","13","","239","镇河铁犀"
"理财","","","","","镇河铁犀"
"探险","","","","","镇河铁犀"
"建造","","","","","澄泥砚"
"农牧","","6","","181","澄泥砚"
"制作","","","","","澄泥砚"
"理财","","14","","240","澄泥砚"
"探险","","","","","澄泥砚"
"建造","","11","","139","條箒"
"农牧","","10","","136","條箒"
"制作","","","","","條箒"
"理财","","","","","條箒"
"探险","","","","","條箒"
"建造","","","","","团扇"
"农牧","","","","","团扇"
"制作","","6","","132","团扇"
"理财","","13","","139","团扇"
"探险","","","","","团扇"
"建造","","","","","折扇"
"农牧","","12","","138","折扇"
"制作","","","","","折扇"
"理财","","","","","折扇"
"探险","","10","","145","折扇"
"建造","","","","","盘盏"
"农牧","","","","","盘盏"
"制作","","10","","96","盘盏"
"理财","","","","","盘盏"
"探险","","12","","140","盘盏"
"建造","","","","","纑刷"
"农牧","","10","","138","纑刷"
"制作","","","","","纑刷"
"理财","","8","","94","纑刷"
"探险","","","","","纑刷"
"建造","","","","","剪刀"
"农牧","","14","","149","剪刀"
"制作","","","","","剪刀"
"理财","","3","","129","剪刀"
"探险","","","","","剪刀"
"建造","","","","","唢呐"
"农牧","","","","","唢呐"
"制作","","5","","133","唢呐"
"理财","","","","","唢呐"
"探险","","17","","143","唢呐"
"建造","","11","","137","天秤"
"农牧","","","","","天秤"
"制作","","","","","天秤"
"理财","","","","","天秤"
"探险","","10","","136","天秤"
"建造","","15","","150","苧刮刀"
"农牧","","4","","130","苧刮刀"
"制作","","","","","苧刮刀"
"理财","","","","","苧刮刀"
"探险","","","","","苧刮刀"
"建造","","","","","笔筒"
"农牧","","","","","笔筒"
"制作","","","","","笔筒"
"理财","","10","","145","笔筒"
"探险","","9","","135","笔筒"
"建造","","","","","笔架"
"农牧","","11","","139","笔架"
"制作","","","","","笔架"
"理财","","9","","135","笔架"
"探险","","","","","笔架"
"建造","","12","","147","绢伞"
"农牧","","","","","绢伞"
"制作","","","","","绢伞"
"理财","","10","","96","绢伞"
"探险","","","","","绢伞"
"建造","","","","","竹耙"
"农牧","","15","","150","竹耙"
"制作","","","","","竹耙"
"理财","","3","","129","竹耙"
"探险","","","","","竹耙"
"建造","","10","","136","旗"
"农牧","","","","","旗"
"制作","","12","","91","旗"
"理财","","","","","旗"
"探险","","","","","旗"
