"node_info","tianfu_property","zhuangbei_property","zhenbao_name","tianfu","zhenbao_lvl"
"装备时","装备时","","天工开物/专属","天赋宋应星","初始"
"装备时","装备时","","天工开物/专属","天赋宋应星","20"
"装备时","装备时","","天工开物/专属","天赋宋应星","30"
"装备时","装备时","","天工开物/专属","天赋宋应星","40"
"探险属性提升4%。干宝装备时探险属性提升4%。在晚上工作时，探险属性额外提升15%。","探险属性提升4%。","探险属性提升4%。在晚上工作时，探险属性额外提升15%。","搜神记","天赋：夜游","初始"
"探险属性提升6%。干宝装备时探险属性提升6%。在晚上工作时，探险属性额外提升18%。","探险属性提升6%。","探险属性提升6%。在晚上工作时，探险属性额外提升18%。","搜神记","天赋：夜游","20"
"探险属性提升8%。干宝装备时探险属性提升8%。在晚上工作时，探险属性额外提升21%。","探险属性提升8%。","探险属性提升8%。在晚上工作时，探险属性额外提升21%。","搜神记","天赋：夜游","30"
"探险属性提升10%。干宝装备时探险属性提升10%。在晚上工作时，探险属性额外提升25%。","探险属性提升10%。","探险属性提升10%。在晚上工作时，探险属性额外提升25%。","搜神记","天赋：夜游","40"
"农牧属性提升4%。刘采春装备时农牧属性提升4%。更容易吸引女性一起工作。","农牧属性提升4%。","农牧属性提升4%。更容易吸引女性一起工作。","桃木面具","天赋：兰友","初始"
"农牧属性提升6%。刘采春装备时农牧属性提升6%。更容易吸引女性一起工作。","农牧属性提升6%。","农牧属性提升6%。更容易吸引女性一起工作。","桃木面具","天赋：兰友","20"
"农牧属性提升8%。刘采春装备时农牧属性提升8%。更容易吸引女性一起工作。","农牧属性提升8%。","农牧属性提升8%。更容易吸引女性一起工作。","桃木面具","天赋：兰友","30"
"农牧属性提升10%。刘采春装备时农牧属性提升10%。更容易吸引女性一起工作。","农牧属性提升10%。","农牧属性提升10%。更容易吸引女性一起工作。","桃木面具","天赋：兰友","40"
"制作属性提升4%。汤姑装备时制作属性提升4%。负责一小时以上的制作工作时，有30%的概率掉落2份「炉灰」。","制作属性提升4%。","制作属性提升4%。负责一小时以上的制作工作时，有30%的概率掉落2份「炉灰」。","紫铜手炉","天赋：暖冬","初始"
"制作属性提升6%。汤姑装备时制作属性提升6%。负责一小时以上的制作工作时，有40%的概率掉落2份「炉灰」。","制作属性提升6%。","制作属性提升6%。负责一小时以上的制作工作时，有40%的概率掉落2份「炉灰」。","紫铜手炉","天赋：暖冬","20"
"制作属性提升8%。汤姑装备时制作属性提升8%。负责一小时以上的制作工作时，有50%的概率掉落2份「炉灰」。","制作属性提升8%。","制作属性提升8%。负责一小时以上的制作工作时，有50%的概率掉落2份「炉灰」。","紫铜手炉","天赋：暖冬","30"
"制作属性提升10%。汤姑装备时制作属性提升10%。负责一小时以上的制作工作时，有60%的概率掉落2份「炉灰」。","制作属性提升10%。","制作属性提升10%。负责一小时以上的制作工作时，有60%的概率掉落2份「炉灰」。","紫铜手炉","天赋：暖冬","40"
"制作属性提升4%。马秀英装备时制作属性提升4%。负责制作工作时，除菜肴外其他所有资源花费减少5%。","制作属性提升4%。","制作属性提升4%。负责制作工作时，除菜肴外其他所有资源花费减少5%。","皇后凤冠","天赋：明珠","初始"
"制作属性提升6%。马秀英装备时制作属性提升6%。负责制作工作时，除菜肴外其他所有资源花费减少10%。","制作属性提升6%。","制作属性提升6%。负责制作工作时，除菜肴外其他所有资源花费减少10%。","皇后凤冠","天赋：明珠","20"
"制作属性提升8%。马秀英装备时制作属性提升8%。负责制作工作时，除菜肴外其他所有资源花费减少15%。","制作属性提升8%。","制作属性提升8%。负责制作工作时，除菜肴外其他所有资源花费减少15%。","皇后凤冠","天赋：明珠","30"
"制作属性提升10%。马秀英装备时制作属性提升10%。负责制作工作时，除菜肴外其他所有资源花费减少20%。","制作属性提升10%。","制作属性提升10%。负责制作工作时，除菜肴外其他所有资源花费减少20%。","皇后凤冠","天赋：明珠","40"
"建造属性提升4%。柳永装备时建造属性提升4%。在城市中负责建造工作时，立即完成15%的进度。","建造属性提升4%。","建造属性提升4%。在城市中负责建造工作时，立即完成15%的进度。","乐章集","天赋：筑梦","初始"
"建造属性提升6%。柳永装备时建造属性提升6%。在城市中负责建造工作时，立即完成20%的进度。","建造属性提升6%。","建造属性提升6%。在城市中负责建造工作时，立即完成20%的进度。","乐章集","天赋：筑梦","20"
"建造属性提升8%。柳永装备时建造属性提升4%。在城市中负责建造工作时，立即完成40%的进度。","建造属性提升8%。","建造属性提升4%。在城市中负责建造工作时，立即完成40%的进度。","乐章集","天赋：筑梦","30"
"建造属性提升10%。柳永装备时建造属性提升10%。在城市中负责建造工作时，立即完成40%的进度。","建造属性提升10%。","建造属性提升10%。在城市中负责建造工作时，立即完成40%的进度。","乐章集","天赋：筑梦","40"
"理财属性提升4%。薛涛装备时理财属性提升4%。在商业建筑中工作时，立即完成15%的进度。","理财属性提升4%。","理财属性提升4%。在商业建筑中工作时，立即完成15%的进度。","浣花笺","天赋：校书","初始"
"理财属性提升6%。薛涛装备时理财属性提升6%。在商业建筑中工作时，立即完成20%的进度。","理财属性提升6%。","理财属性提升6%。在商业建筑中工作时，立即完成20%的进度。","浣花笺","天赋：校书","20"
"理财属性提升8%。薛涛装备时理财属性提升8%。在商业建筑中工作时，立即完成25%的进度。","理财属性提升8%。","理财属性提升8%。在商业建筑中工作时，立即完成25%的进度。","浣花笺","天赋：校书","30"
"理财属性提升10%。薛涛装备时理财属性提升10%。在商业建筑中工作时，立即完成30%的进度。","理财属性提升10%。","理财属性提升10%。在商业建筑中工作时，立即完成30%的进度。","浣花笺","天赋：校书","40"
"制作属性提升4%。干将装备时","制作属性提升4%。","","阴阳剑","天赋：止戈","初始"
"制作属性提升6%。干将装备时","制作属性提升6%。","","阴阳剑","天赋：止戈","20"
"制作属性提升8%。干将装备时","制作属性提升8%。","","阴阳剑","天赋：止戈","30"
"制作属性提升10%。干将装备时制作属性提升10%。在兵器工坊进行生产工作时，无需额外工人。","制作属性提升10%。","制作属性提升10%。在兵器工坊进行生产工作时，无需额外工人。","阴阳剑","天赋：止戈","40"
"探险属性提升4%。范泊宁装备时探险属性提升4%。理财属性提升4%。","探险属性提升4%。","探险属性提升4%。理财属性提升4%。","罗盘","天赋：勘针","初始"
"探险属性提升6%。范泊宁装备时探险属性提升6%。理财属性提升6%。","探险属性提升6%。","探险属性提升6%。理财属性提升6%。","罗盘","天赋：勘针","20"
"探险属性提升8%。范泊宁装备时探险属性提升8%。理财属性提升8%。","探险属性提升8%。","探险属性提升8%。理财属性提升8%。","罗盘","天赋：勘针","30"
"探险属性提升10%。范泊宁装备时探险属性提升10%。理财属性提升10%。","探险属性提升10%。","探险属性提升10%。理财属性提升10%。","罗盘","天赋：勘针","40"
"制作属性提升4%。道济装备时制作属性提升4%。所在城市的居民不会死亡。","制作属性提升4%。","制作属性提升4%。所在城市的居民不会死亡。","破蒲扇","天赋：永生","初始"
"制作属性提升6%。道济装备时制作属性提升6%。所在城市的居民不会死亡。","制作属性提升6%。","制作属性提升6%。所在城市的居民不会死亡。","破蒲扇","天赋：永生","20"
"制作属性提升8%。道济装备时制作属性提升8%。所在城市的居民不会死亡。","制作属性提升8%。","制作属性提升8%。所在城市的居民不会死亡。","破蒲扇","天赋：永生","30"
"制作属性提升10%。道济装备时制作属性提升10%。所在城市的居民不会死亡。","制作属性提升10%。","制作属性提升10%。所在城市的居民不会死亡。","破蒲扇","天赋：永生","40"
"农牧提升4％。徐妙云装备时农牧提升4％。在城市中负责任意工作时，所需工人−1。","农牧提升4％。","农牧提升4％。在城市中负责任意工作时，所需工人−1。","白玉观音","天赋：怀仁","初始"
"农牧提升6％。徐妙云装备时农牧提升6％。在城市中负责任意工作时，所需工人−1。","农牧提升6％。","农牧提升6％。在城市中负责任意工作时，所需工人−1。","白玉观音","天赋：怀仁","20"
"农牧提升8％。徐妙云装备时农牧提升8％。在城市中负责任意工作时，所需工人−2。","农牧提升8％。","农牧提升8％。在城市中负责任意工作时，所需工人−2。","白玉观音","天赋：怀仁","30"
"农牧提升10％。徐妙云装备时农牧提升10％。在城市中负责任意工作时，所需工人−3。","农牧提升10％。","农牧提升10％。在城市中负责任意工作时，所需工人−3。","白玉观音","天赋：怀仁","40"
"建造属性提升4%。计成装备时建造属性提升4%。负责建造工作时，除菜肴外其他所有资源花费减少15%。","建造属性提升4%。","建造属性提升4%。负责建造工作时，除菜肴外其他所有资源花费减少15%。","太湖石(珍宝)","天赋：园治","初始"
"建造属性提升6%。计成装备时建造属性提升6%。负责建造工作时，除菜肴外其他所有资源花费减少20%。","建造属性提升6%。","建造属性提升6%。负责建造工作时，除菜肴外其他所有资源花费减少20%。","太湖石(珍宝)","天赋：园治","20"
"建造属性提升8%。计成装备时建造属性提升8%。负责建造工作时，除菜肴外其他所有资源花费减少30%。","建造属性提升8%。","建造属性提升8%。负责建造工作时，除菜肴外其他所有资源花费减少30%。","太湖石(珍宝)","天赋：园治","30"
"建造属性提升10%。计成装备时建造属性提升10%。负责建造工作时，除菜肴外其他所有资源花费减少40%。","建造属性提升10%。","建造属性提升10%。负责建造工作时，除菜肴外其他所有资源花费减少40%。","太湖石(珍宝)","天赋：园治","40"
"理财属性提升4%。肖含珠装备时理财属性提升4%。在城市中负责理财工作时，立即完成5%的进度。","理财属性提升4%。","理财属性提升4%。在城市中负责理财工作时，立即完成5%的进度。","珠袋","天赋：精怪","初始"
"理财属性提升6%。肖含珠装备时理财属性提升6%。在城市中负责理财工作时，立即完成10%的进度。","理财属性提升6%。","理财属性提升6%。在城市中负责理财工作时，立即完成10%的进度。","珠袋","天赋：精怪","20"
"理财属性提升8%。肖含珠装备时理财属性提升8%。在城市中负责理财工作时，立即完成15%的进度。","理财属性提升8%。","理财属性提升8%。在城市中负责理财工作时，立即完成15%的进度。","珠袋","天赋：精怪","30"
"理财属性提升10%。肖含珠装备时理财属性提升10%。在城市中负责理财工作时，立即完成20%的进度。","理财属性提升10%。","理财属性提升10%。在城市中负责理财工作时，立即完成20%的进度。","珠袋","天赋：精怪","40"
"农牧属性提升4%。段成式装备时农牧属性提升4%。负责农牧工作时，立即完成15%的进度。","农牧属性提升4%。","农牧属性提升4%。负责农牧工作时，立即完成15%的进度。","酉阳笔","天赋：珍异","初始"
"农牧属性提升6%。段成式装备时农牧属性提升6%。负责农牧工作时，立即完成20%的进度。","农牧属性提升6%。","农牧属性提升6%。负责农牧工作时，立即完成20%的进度。","酉阳笔","天赋：珍异","20"
"农牧属性提升8%。段成式装备时农牧属性提升8%。负责农牧工作时，立即完成25%的进度。","农牧属性提升8%。","农牧属性提升8%。负责农牧工作时，立即完成25%的进度。","酉阳笔","天赋：珍异","30"
"农牧属性提升10%。段成式装备时农牧属性提升10%。负责农牧工作时，立即完成30%的进度。","农牧属性提升10%。","农牧属性提升10%。负责农牧工作时，立即完成30%的进度。","酉阳笔","天赋：珍异","40"
"探险属性提升4%。红拂装备时探险属性提升4%，参与任意工作时，所需铜钱减少10%。","探险属性提升4%。","探险属性提升4%，参与任意工作时，所需铜钱减少10%。","红色拂尘","天赋：等闲","初始"
"探险属性提升6%红拂装备时探险属性提升6%，参与任意工作时，所需铜钱减少15%。","探险属性提升6%","探险属性提升6%，参与任意工作时，所需铜钱减少15%。","红色拂尘","天赋：等闲","20"
"探险属性提升8%红拂装备时探险属性提升8%，参与任意工作时，所需铜钱减少20%。","探险属性提升8%","探险属性提升8%，参与任意工作时，所需铜钱减少20%。","红色拂尘","天赋：等闲","30"
"探险属性提升10%红拂装备时探险属性提升10%，参与任意工作时，所需铜钱减少25%。","探险属性提升10%","探险属性提升10%，参与任意工作时，所需铜钱减少25%。","红色拂尘","天赋：等闲","40"
"制作属性提升4%。公输般装备时制作属性提升4%。负责打造、升级家具时，除家具图纸外，所需的宅邸材料减少1。","制作属性提升4%。","制作属性提升4%。负责打造、升级家具时，除家具图纸外，所需的宅邸材料减少1。","云梯","天赋：尺锯","初始"
"制作属性提升6%。公输般装备时制作属性提升6%。负责打造、升级家具时，除家具图纸外，所需的宅邸材料减少2。","制作属性提升6%。","制作属性提升6%。负责打造、升级家具时，除家具图纸外，所需的宅邸材料减少2。","云梯","天赋：尺锯","20"
"制作属性提升8%。公输般装备时制作属性提升8%。负责打造、升级家具时，除家具图纸外，所需的宅邸材料减少3。","制作属性提升8%。","制作属性提升8%。负责打造、升级家具时，除家具图纸外，所需的宅邸材料减少3。","云梯","天赋：尺锯","30"
"制作属性提升10%。公输般装备时制作属性提升10%。负责打造、升级家具时，除家具图纸外，所需的宅邸材料减少4。","制作属性提升10%。","制作属性提升10%。负责打造、升级家具时，除家具图纸外，所需的宅邸材料减少4。","云梯","天赋：尺锯","40"
"制作属性提升4%。卫寻彩装备时制作属性提升4%。负责2小时以上的制作工作时，额外获得40份随机资源。","制作属性提升4%。","制作属性提升4%。负责2小时以上的制作工作时，额外获得40份随机资源。","海上仙山画卷","天赋：寻彩","初始"
"制作属性提升6%。卫寻彩装备时制作属性提升6%。负责2小时以上的制作工作时，额外获得50份随机资源。","制作属性提升6%。","制作属性提升6%。负责2小时以上的制作工作时，额外获得50份随机资源。","海上仙山画卷","天赋：寻彩","20"
"制作属性提升8%。卫寻彩装备时制作属性提升8%。负责2小时以上的制作工作时，额外获得60份随机资源。","制作属性提升8%。","制作属性提升8%。负责2小时以上的制作工作时，额外获得60份随机资源。","海上仙山画卷","天赋：寻彩","30"
"制作属性提升10%。卫寻彩装备时制作属性提升10%。负责2小时以上的制作工作时，额外获得80份随机资源。","制作属性提升10%。","制作属性提升10%。负责2小时以上的制作工作时，额外获得80份随机资源。","海上仙山画卷","天赋：寻彩","40"
"理财属性提升4%。上官婉儿装备时理财属性提升4%，负责理财工作时，除菜肴外的其他所有资源消耗减少8%","理财属性提升4%。","理财属性提升4%，负责理财工作时，除菜肴外的其他所有资源消耗减少8%","则天诏令","天赋：修文","初始"
"理财属性提升6%。上官婉儿装备时理财属性提升6%，负责理财工作时，除菜肴外的其他所有资源消耗减少12%","理财属性提升6%。","理财属性提升6%，负责理财工作时，除菜肴外的其他所有资源消耗减少12%","则天诏令","天赋：修文","20"
"理财属性提升8%。上官婉儿装备时理财属性提升8%，负责理财工作时，除菜肴外的其他所有资源消耗减少16%","理财属性提升8%。","理财属性提升8%，负责理财工作时，除菜肴外的其他所有资源消耗减少16%","则天诏令","天赋：修文","30"
"理财属性提升10%。上官婉儿装备时理财属性提升10%，负责理财工作时，除菜肴外的其他所有资源消耗减少20%","理财属性提升10%。","理财属性提升10%，负责理财工作时，除菜肴外的其他所有资源消耗减少20%","则天诏令","天赋：修文","40"
"建造属性提升4%。成凤羽装备时建造属性提升4%。负责建造工作时，所需工人-3。","建造属性提升4%。","建造属性提升4%。负责建造工作时，所需工人-3。","骑凤仙人","天赋：瑞兽","初始"
"建造属性提升6%。成凤羽装备时建造属性提升6%。负责建造工作时，所需工人-4。","建造属性提升6%。","建造属性提升6%。负责建造工作时，所需工人-4。","骑凤仙人","天赋：瑞兽","20"
"建造属性提升8%。成凤羽装备时建造属性提升8%。负责建造工作时，所需工人-6。","建造属性提升8%。","建造属性提升8%。负责建造工作时，所需工人-6。","骑凤仙人","天赋：瑞兽","30"
"建造属性提升10%。成凤羽装备时建造属性提升10%。负责建造工作时，无需额外工人。","建造属性提升10%。","建造属性提升10%。负责建造工作时，无需额外工人。","骑凤仙人","天赋：瑞兽","40"
"农牧属性提升4%。王祯装备时农牧属性提升4%。负责农牧工作时，立即完成15%的进度，但所需人工+1。","农牧属性提升4%。","农牧属性提升4%。负责农牧工作时，立即完成15%的进度，但所需人工+1。","龙骨车","天赋：灌溉","初始"
"农牧属性提升6%。王祯装备时农牧属性提升6%。负责农牧工作时，立即完成20%的进度，但所需人工+1。","农牧属性提升6%。","农牧属性提升6%。负责农牧工作时，立即完成20%的进度，但所需人工+1。","龙骨车","天赋：灌溉","20"
"农牧属性提升8%。王祯装备时农牧属性提升8%。负责农牧工作时，立即完成25%的进度，但所需人工+1。","农牧属性提升8%。","农牧属性提升8%。负责农牧工作时，立即完成25%的进度，但所需人工+1。","龙骨车","天赋：灌溉","30"
"农牧属性提升10%。王祯装备时农牧属性提升10%。负责农牧工作时，立即完成30%的进度，但所需人工+2。","农牧属性提升10%。","农牧属性提升10%。负责农牧工作时，立即完成30%的进度，但所需人工+2。","龙骨车","天赋：灌溉","40"
"制作属性提升4%公孙策装备时制作属性提升4%。负责制作工作时，除菜肴外其他资源减少10%","制作属性提升4%","制作属性提升4%。负责制作工作时，除菜肴外其他资源减少10%","开封日志","天赋：主簿","初始"
"制作属性提升6%公孙策装备时制作属性提升6%。负责制作工作时，除菜肴外其他资源减少20%","制作属性提升6%","制作属性提升6%。负责制作工作时，除菜肴外其他资源减少20%","开封日志","天赋：主簿","20"
"制作属性提升8%。公孙策装备时制作属性提升8%。负责制作工作时，除菜肴外其他资源减少30%","制作属性提升8%。","制作属性提升8%。负责制作工作时，除菜肴外其他资源减少30%","开封日志","天赋：主簿","30"
"制作属性提升10%。公孙策装备时制作属性提升10%。负责制作工作时，除菜肴外其他资源减少40%","制作属性提升10%。","制作属性提升10%。负责制作工作时，除菜肴外其他资源减少40%","开封日志","天赋：主簿","40"
"探险属性提升4%。东方祚装备时探险属性提升4%。制作属性提升6%。","探险属性提升4%。","探险属性提升4%。制作属性提升6%。","青铜雁足灯","天赋：耐劳","初始"
"探险属性提升6%。东方祚装备时探险属性提升6%。制作属性提升8%。","探险属性提升6%。","探险属性提升6%。制作属性提升8%。","青铜雁足灯","天赋：耐劳","20"
"探险属性提升8%。东方祚装备时探险属性提升8%。制作属性提升12%。","探险属性提升8%。","探险属性提升8%。制作属性提升12%。","青铜雁足灯","天赋：耐劳","30"
"探险属性提升10%。东方祚装备时探险属性提升10%。制作属性提升15%。","探险属性提升10%。","探险属性提升10%。制作属性提升15%。","青铜雁足灯","天赋：耐劳","40"
"农牧属性提升4%。桑岷装备时农牧属性提升4%。在养蚕场工作时，额外获得30%的资源。","农牧属性提升4%。","农牧属性提升4%。在养蚕场工作时，额外获得30%的资源。","蚕眠桑叶","天赋：蚕神","初始"
"农牧属性提升6%。桑岷装备时农牧属性提升6%。在养蚕场工作时，额外获得50%的资源。","农牧属性提升6%。","农牧属性提升6%。在养蚕场工作时，额外获得50%的资源。","蚕眠桑叶","天赋：蚕神","20"
"农牧属性提升8%。桑岷装备时农牧属性提升8%。在养蚕场工作时，额外获得80%的资源。","农牧属性提升8%。","农牧属性提升8%。在养蚕场工作时，额外获得80%的资源。","蚕眠桑叶","天赋：蚕神","30"
"农牧属性提升10%。桑岷装备时农牧属性提升10%。在养蚕场工作时，额外获得100%的资源。","农牧属性提升10%。","农牧属性提升10%。在养蚕场工作时，额外获得100%的资源。","蚕眠桑叶","天赋：蚕神","40"
"建造属性提升4%。吕穹生装备时建造属性提升10%。升级建筑时，额外获得10份澄纸。","建造属性提升4%。","建造属性提升10%。升级建筑时，额外获得10份澄纸。","楠竹戒尺","天赋：造纸","初始"
"建造属性提升6%。吕穹生装备时建造属性提升10%。升级建筑时，额外获得20份澄纸。","建造属性提升6%。","建造属性提升10%。升级建筑时，额外获得20份澄纸。","楠竹戒尺","天赋：造纸","20"
"建造属性提升8%。吕穹生装备时建造属性提升10%。升级建筑时，额外获得30份澄纸。","建造属性提升8%。","建造属性提升10%。升级建筑时，额外获得30份澄纸。","楠竹戒尺","天赋：造纸","30"
"建造属性提升10%。吕穹生装备时建造属性提升10%。升级建筑时，额外获得40份澄纸。","建造属性提升10%。","建造属性提升10%。升级建筑时，额外获得40份澄纸。","楠竹戒尺","天赋：造纸","40"
"理财属性提升4%。百里安装备时理财属性提升4%，在商业建筑中工作时，有3%的概率立即完成本次生产。","理财属性提升4%。","理财属性提升4%，在商业建筑中工作时，有3%的概率立即完成本次生产。","兽首玛瑙杯","天赋：蓄贾","初始"
"理财属性提升6%。百里安装备时理财属性提升6%，在商业建筑中工作时，有5%的概率立即完成本次生产。","理财属性提升6%。","理财属性提升6%，在商业建筑中工作时，有5%的概率立即完成本次生产。","兽首玛瑙杯","天赋：蓄贾","20"
"理财属性提升8%。百里安装备时理财属性提升8%，在商业建筑中工作时，有7%的概率立即完成本次生产。","理财属性提升8%。","理财属性提升8%，在商业建筑中工作时，有7%的概率立即完成本次生产。","兽首玛瑙杯","天赋：蓄贾","30"
"理财属性提升10%。百里安装备时理财属性提升10%，在商业建筑中工作时，有10%的概率立即完成本次生产。","理财属性提升10%。","理财属性提升10%，在商业建筑中工作时，有10%的概率立即完成本次生产。","兽首玛瑙杯","天赋：蓄贾","40"
"制作属性提升4%。鹿经纬装备时制作属性提升4%。负责制作工作时，立即完成10%的进度。","制作属性提升4%。","制作属性提升4%。负责制作工作时，立即完成10%的进度。","缂丝木梭","天赋：经纬","初始"
"制作属性提升6%。鹿经纬装备时制作属性提升6%。负责制作工作时，立即完成15%的进度。","制作属性提升6%。","制作属性提升6%。负责制作工作时，立即完成15%的进度。","缂丝木梭","天赋：经纬","20"
"制作属性提升8%。鹿经纬装备时制作属性提升8%。负责制作工作时，立即完成20%的进度。","制作属性提升8%。","制作属性提升8%。负责制作工作时，立即完成20%的进度。","缂丝木梭","天赋：经纬","30"
"制作属性提升10%。鹿经纬装备时制作属性提升10%。负责制作工作时，立即完成25%的进度。","制作属性提升10%。","制作属性提升10%。负责制作工作时，立即完成25%的进度。","缂丝木梭","天赋：经纬","40"
"探险属性提升4%。红鸾装备时探险属性提升4%。负责步天观星中任意工作时，立即完成8%的进度。","探险属性提升4%。","探险属性提升4%。负责步天观星中任意工作时，立即完成8%的进度。","红鸾铜镜","天赋：鸾羽","初始"
"探险属性提升6%。红鸾装备时探险属性提升6%。负责步天观星中任意工作时，立即完成10%的进度。","探险属性提升6%。","探险属性提升6%。负责步天观星中任意工作时，立即完成10%的进度。","红鸾铜镜","天赋：鸾羽","20"
"探险属性提升8%。红鸾装备时探险属性提升8%。负责步天观星中任意工作时，立即完成12%的进度。","探险属性提升8%。","探险属性提升8%。负责步天观星中任意工作时，立即完成12%的进度。","红鸾铜镜","天赋：鸾羽","30"
"探险属性提升10%。红鸾装备时探险属性提升10%。负责步天观星中任意工作时，立即完成15%的进度。","探险属性提升10%。","探险属性提升10%。负责步天观星中任意工作时，立即完成15%的进度。","红鸾铜镜","天赋：鸾羽","40"
"探险属性提升4%。马远道装备时探险属性提升4%。在码头负责6小时以上的工作时，随机获得20份资源。","探险属性提升4%。","探险属性提升4%。在码头负责6小时以上的工作时，随机获得20份资源。","邮包","天赋：补给","初始"
"探险属性提升6%。马远道装备时探险属性提升6%。在码头负责6小时以上的工作时，随机获得30份资源。","探险属性提升6%。","探险属性提升6%。在码头负责6小时以上的工作时，随机获得30份资源。","邮包","天赋：补给","20"
"探险属性提升8%。马远道装备时探险属性提升8%。在码头负责6小时以上的工作时，随机获得40份资源。","探险属性提升8%。","探险属性提升8%。在码头负责6小时以上的工作时，随机获得40份资源。","邮包","天赋：补给","30"
"探险属性提升10%。马远道装备时探险属性提升10%。在码头负责6小时以上的工作时，随机获得50份资源。","探险属性提升10%。","探险属性提升10%。在码头负责6小时以上的工作时，随机获得50份资源。","邮包","天赋：补给","40"
"探险属性提升4%。张山归装备时探险属性提升4%。探索新区域时，所需铜钱-5%，且所需工人-2。","探险属性提升4%。","探险属性提升4%。探索新区域时，所需铜钱-5%，且所需工人-2。","骑驴竹简","天赋：诗行","初始"
"探险属性提升6%。张山归装备时探险属性提升6%。探索新区域时，所需铜钱-7%，且所需工人-3。","探险属性提升6%。","探险属性提升6%。探索新区域时，所需铜钱-7%，且所需工人-3。","骑驴竹简","天赋：诗行","20"
"探险属性提升8%。张山归装备时探险属性提升8%。探索新区域时，所需铜钱-10%，且所需工人-4。","探险属性提升8%。","探险属性提升8%。探索新区域时，所需铜钱-10%，且所需工人-4。","骑驴竹简","天赋：诗行","30"
"探险属性提升10%。张山归装备时探险属性提升10%。探索新区域时，所需铜钱-15%，且所需工人-5。","探险属性提升10%。","探险属性提升10%。探索新区域时，所需铜钱-15%，且所需工人-5。","骑驴竹简","天赋：诗行","40"
"农牧属性提升4%。余妙年装备时农牧属性提升4%。在蟹塘负责1小时以上的工作时，有6%的几率额外获得1个珍贵螃蜞。","农牧属性提升4%。","农牧属性提升4%。在蟹塘负责1小时以上的工作时，有6%的几率额外获得1个珍贵螃蜞。","荷叶玉佩","天赋：捕蟹","初始"
"农牧属性提升6%。余妙年装备时农牧属性提升6%。在蟹塘负责1小时以上的工作时，有9%的几率额外获得1个珍贵螃蜞。","农牧属性提升6%。","农牧属性提升6%。在蟹塘负责1小时以上的工作时，有9%的几率额外获得1个珍贵螃蜞。","荷叶玉佩","天赋：捕蟹","20"
"农牧属性提升8%。余妙年装备时农牧属性提升8%。在蟹塘负责1小时以上的工作时，有12%的几率额外获得1个珍贵螃蜞。","农牧属性提升8%。","农牧属性提升8%。在蟹塘负责1小时以上的工作时，有12%的几率额外获得1个珍贵螃蜞。","荷叶玉佩","天赋：捕蟹","30"
"农牧属性提升10%。余妙年装备时农牧属性提升10%。在蟹塘负责1小时以上的工作时，有15%的几率额外获得1个珍贵螃蜞。","农牧属性提升10%。","农牧属性提升10%。在蟹塘负责1小时以上的工作时，有15%的几率额外获得1个珍贵螃蜞。","荷叶玉佩","天赋：捕蟹","40"
"探险属性提升4%。乔溪午装备时探险属性提升4%。在川沙堡的抵御怪物中负责任意工作时，所需工人-2。","探险属性提升4%。","探险属性提升4%。在川沙堡的抵御怪物中负责任意工作时，所需工人-2。","镇妖宝塔","天赋：镇恶","初始"
"探险属性提升6%。乔溪午装备时探险属性提升6%。在川沙堡的抵御怪物中负责任意工作时，所需工人-3。","探险属性提升6%。","探险属性提升6%。在川沙堡的抵御怪物中负责任意工作时，所需工人-3。","镇妖宝塔","天赋：镇恶","20"
"探险属性提升8%。乔溪午装备时探险属性提升8%。在川沙堡的抵御怪物中负责任意工作时，所需工人-4。","探险属性提升8%。","探险属性提升8%。在川沙堡的抵御怪物中负责任意工作时，所需工人-4。","镇妖宝塔","天赋：镇恶","30"
"探险属性提升10%。乔溪午装备时探险属性提升10%。在川沙堡的抵御怪物中负责任意工作时，无需额外工人。","探险属性提升10%。","探险属性提升10%。在川沙堡的抵御怪物中负责任意工作时，无需额外工人。","镇妖宝塔","天赋：镇恶","40"
"农牧属性提升4%。涂南山装备时农牧属性提升4%。在城市中负责1小时以上的农牧或建造工作时，所需工人-2。","农牧属性提升4%。","农牧属性提升4%。在城市中负责1小时以上的农牧或建造工作时，所需工人-2。","卧儿兔","天赋：灵狐","初始"
"农牧属性提升6%。涂南山装备时农牧属性提升6%。在城市中负责1小时以上的农牧或建造工作时，所需工人-3。","农牧属性提升6%。","农牧属性提升6%。在城市中负责1小时以上的农牧或建造工作时，所需工人-3。","卧儿兔","天赋：灵狐","20"
"农牧属性提升8%。涂南山装备时农牧属性提升8%。在城市中负责1小时以上的农牧或建造工作时，所需工人-4。","农牧属性提升8%。","农牧属性提升8%。在城市中负责1小时以上的农牧或建造工作时，所需工人-4。","卧儿兔","天赋：灵狐","30"
"农牧属性提升10%。涂南山装备时农牧属性提升10%。在城市中负责1小时以上的农牧或建造工作时，所需工人-5。","农牧属性提升10%。","农牧属性提升10%。在城市中负责1小时以上的农牧或建造工作时，所需工人-5。","卧儿兔","天赋：灵狐","40"
"建造属性提升4%。乔沐装备时建造属性提升4%。负责建造工作时，所需工人-2。","建造属性提升4%。","建造属性提升4%。负责建造工作时，所需工人-2。","千年枫木","天赋：草木","初始"
"建造属性提升6%。乔沐装备时","建造属性提升6%。","","千年枫木","天赋：草木","20"
"建造属性提升8%。乔沐装备时","建造属性提升8%。","","千年枫木","天赋：草木","30"
"建造属性提升10%。乔沐装备时建造属性提升10%。负责建造工作时，无需额外工人。","建造属性提升10%。","建造属性提升10%。负责建造工作时，无需额外工人。","千年枫木","天赋：草木","40"
"制作属性提升4%。冯令吉装备时制作属性提升4%。负责生产资源时，所需的原材料减少8%，但负责任意工作所需的工人+1。","制作属性提升4%。","制作属性提升4%。负责生产资源时，所需的原材料减少8%，但负责任意工作所需的工人+1。","不言纸扇","天赋：平衡","初始"
"制作属性提升6%。冯令吉装备时制作属性提升6%。负责生产资源时，所需的原材料减少12%，但负责任意工作所需的工人+1。","制作属性提升6%。","制作属性提升6%。负责生产资源时，所需的原材料减少12%，但负责任意工作所需的工人+1。","不言纸扇","天赋：平衡","20"
"制作属性提升8%。冯令吉装备时制作属性提升8%。负责生产资源时，所需的原材料减少16%，但负责任意工作所需的工人+1。","制作属性提升8%。","制作属性提升8%。负责生产资源时，所需的原材料减少16%，但负责任意工作所需的工人+1。","不言纸扇","天赋：平衡","30"
"制作属性提升10%。冯令吉装备时制作属性提升10%。负责生产资源时，所需的原材料减少20%，但负责任意工作所需的工人+1。","制作属性提升10%。","制作属性提升10%。负责生产资源时，所需的原材料减少20%，但负责任意工作所需的工人+1。","不言纸扇","天赋：平衡","40"
"建造属性提升4%。令风来装备时建造属性提升4%。负责打造、升级家具时，立即完成5%的进度。","建造属性提升4%。","建造属性提升4%。负责打造、升级家具时，立即完成5%的进度。","太平羯鼓","天赋：鼓舞","初始"
"建造属性提升6%。令风来装备时建造属性提升6%。负责打造、升级家具时，立即完成8%的进度。","建造属性提升6%。","建造属性提升6%。负责打造、升级家具时，立即完成8%的进度。","太平羯鼓","天赋：鼓舞","20"
"建造属性提升8%。令风来装备时建造属性提升8%。负责打造、升级家具时，立即完成12%的进度。","建造属性提升8%。","建造属性提升8%。负责打造、升级家具时，立即完成12%的进度。","太平羯鼓","天赋：鼓舞","30"
"建造属性提升10%。令风来装备时建造属性提升10%。负责打造、升级家具时，立即完成15%的进度。","建造属性提升10%。","建造属性提升10%。负责打造、升级家具时，立即完成15%的进度。","太平羯鼓","天赋：鼓舞","40"
"建造属性提升4%。万千山装备时建造属性提升4%。更容易吸引男性一同工作。","建造属性提升4%。","建造属性提升4%。更容易吸引男性一同工作。","白杆长矛","天赋：矛令","初始"
"建造属性提升6%。万千山装备时建造属性提升6%。更容易吸引男性一同工作。","建造属性提升6%。","建造属性提升6%。更容易吸引男性一同工作。","白杆长矛","天赋：矛令","20"
"建造属性提升8%。万千山装备时建造属性提升8%。更容易吸引男性一同工作。","建造属性提升8%。","建造属性提升8%。更容易吸引男性一同工作。","白杆长矛","天赋：矛令","30"
"建造属性提升10%。万千山装备时建造属性提升10%。更容易吸引男性一同工作。","建造属性提升10%。","建造属性提升10%。更容易吸引男性一同工作。","白杆长矛","天赋：矛令","40"
"农牧属性提升4%。杨婳装备时农牧属性提升4%。负责农牧工作时，所需工人-2。","农牧属性提升4%。","农牧属性提升4%。负责农牧工作时，所需工人-2。","雁字回时","天赋：乘风","初始"
"农牧属性提升6%。杨婳装备时农牧属性提升6%。负责农牧工作时，所需工人-3。","农牧属性提升6%。","农牧属性提升6%。负责农牧工作时，所需工人-3。","雁字回时","天赋：乘风","20"
"农牧属性提升8%。杨婳装备时农牧属性提升8%。负责农牧工作时，所需工人-4。","农牧属性提升8%。","农牧属性提升8%。负责农牧工作时，所需工人-4。","雁字回时","天赋：乘风","30"
"农牧属性提升10%。杨婳装备时农牧属性提升10%。负责农牧工作时，无需额外工人。","农牧属性提升10%。","农牧属性提升10%。负责农牧工作时，无需额外工人。","雁字回时","天赋：乘风","40"
"探险属性提升4%。李星罗装备时探险属性提升4%。在桃花村建造建筑时，所需资源减少6%，体力消耗减少5%。","探险属性提升4%。","探险属性提升4%。在桃花村建造建筑时，所需资源减少6%，体力消耗减少5%。","星罗棋谱","天赋：棋谋","初始"
"探险属性提升6%。李星罗装备时探险属性提升6%。在桃花村建造建筑时，所需资源减少8%，体力消耗减少10%。","探险属性提升6%。","探险属性提升6%。在桃花村建造建筑时，所需资源减少8%，体力消耗减少10%。","星罗棋谱","天赋：棋谋","20"
"探险属性提升8%李星罗装备时探险属性提升8%。在桃花村建造建筑时，所需资源减少10%，体力消耗减少15%。","探险属性提升8%","探险属性提升8%。在桃花村建造建筑时，所需资源减少10%，体力消耗减少15%。","星罗棋谱","天赋：棋谋","30"
"探险属性提升10%李星罗装备时探险属性提升10%。在桃花村建造建筑时，所需资源减少12%，体力消耗减少20%。","探险属性提升10%","探险属性提升10%。在桃花村建造建筑时，所需资源减少12%，体力消耗减少20%。","星罗棋谱","天赋：棋谋","40"
"建造属性提升4%。顾小九装备时建造属性提升4%。负责打造、升级家具时，立即完成5%的进度。","建造属性提升4%。","建造属性提升4%。负责打造、升级家具时，立即完成5%的进度。","九连环","天赋：巧思","初始"
"建造属性提升6%。顾小九装备时建造属性提升6%。负责打造、升级家具时，立即完成8%的进度。","建造属性提升6%。","建造属性提升6%。负责打造、升级家具时，立即完成8%的进度。","九连环","天赋：巧思","20"
"建造属性提升8%。顾小九装备时建造属性提升8%。负责打造、升级家具时，立即完成12%的进度。","建造属性提升8%。","建造属性提升8%。负责打造、升级家具时，立即完成12%的进度。","九连环","天赋：巧思","30"
"建造属性提升10%。顾小九装备时建造属性提升10%。负责打造、升级家具时，立即完成15%的进度。","建造属性提升10%。","建造属性提升10%。负责打造、升级家具时，立即完成15%的进度。","九连环","天赋：巧思","40"
"理财属性提升4%。王扶危装备时理财属性提升4%。参与徽商经营或者漕运中的交付资源工作时，立即完成5%进度。","理财属性提升4%。","理财属性提升4%。参与徽商经营或者漕运中的交付资源工作时，立即完成5%进度。","达摩剑","天赋：神锋","初始"
"理财属性提升6%。王扶危装备时理财属性提升6%。参与徽商经营或者漕运中的交付资源工作时，立即完成10%进度。","理财属性提升6%。","理财属性提升6%。参与徽商经营或者漕运中的交付资源工作时，立即完成10%进度。","达摩剑","天赋：神锋","20"
"理财属性提升8%。王扶危装备时理财属性提升8%。参与徽商经营或者漕运中的交付资源工作时，立即完成15%进度。","理财属性提升8%。","理财属性提升8%。参与徽商经营或者漕运中的交付资源工作时，立即完成15%进度。","达摩剑","天赋：神锋","30"
"理财属性提升10%。王扶危装备时理财属性提升10%。参与徽商经营或者漕运中的交付资源工作时，立即完成20%进度。","理财属性提升10%。","理财属性提升10%。参与徽商经营或者漕运中的交付资源工作时，立即完成20%进度。","达摩剑","天赋：神锋","40"
"理财属性提升4%。柳笑翁装备时理财属性提升4%，在商业建筑中工作时，铜钱收入提升10%。","理财属性提升4%。","理财属性提升4%，在商业建筑中工作时，铜钱收入提升10%。","油彩盒","天赋：彩绘","初始"
"理财属性提升6%。柳笑翁装备时理财属性提升6%，在商业建筑中工作时，铜钱收入提升20%。","理财属性提升6%。","理财属性提升6%，在商业建筑中工作时，铜钱收入提升20%。","油彩盒","天赋：彩绘","20"
"理财属性提升8%。柳笑翁装备时理财属性提升8%，在商业建筑中工作时，铜钱收入提升30%。","理财属性提升8%。","理财属性提升8%，在商业建筑中工作时，铜钱收入提升30%。","油彩盒","天赋：彩绘","30"
"理财属性提升10%。柳笑翁装备时理财属性提升10%，在商业建筑中工作时，铜钱收入提升40%。","理财属性提升10%。","理财属性提升10%，在商业建筑中工作时，铜钱收入提升40%。","油彩盒","天赋：彩绘","40"
"制作属性提升4%。叶闻灯装备时制作属性提升4%。负责制作工作时，除菜肴外其他所有资源花费减少5%。","制作属性提升4%。","制作属性提升4%。负责制作工作时，除菜肴外其他所有资源花费减少5%。","兔子花灯","天赋：节庆","初始"
"制作属性提升6%。叶闻灯装备时制作属性提升6%。负责制作工作时，除菜肴外其他所有资源花费减少10%。","制作属性提升6%。","制作属性提升6%。负责制作工作时，除菜肴外其他所有资源花费减少10%。","兔子花灯","天赋：节庆","20"
"制作属性提升8%。叶闻灯装备时制作属性提升8%。负责制作工作时，除菜肴外其他所有资源花费减少15%。","制作属性提升8%。","制作属性提升8%。负责制作工作时，除菜肴外其他所有资源花费减少15%。","兔子花灯","天赋：节庆","30"
"制作属性提升10%。叶闻灯装备时制作属性提升10%。负责制作工作时，除菜肴外其他所有资源花费减少20%。","制作属性提升10%。","制作属性提升10%。负责制作工作时，除菜肴外其他所有资源花费减少20%。","兔子花灯","天赋：节庆","40"
"农牧属性提升4%。凤扬装备时农牧属性提升4%。负责农牧工作时，立即完成10%的进度。","农牧属性提升4%。","农牧属性提升4%。负责农牧工作时，立即完成10%的进度。","凤阳花鼓","天赋：鼓点","初始"
"农牧属性提升6%。凤扬装备时农牧属性提升6%。负责农牧工作时，立即完成15%的进度。","农牧属性提升6%。","农牧属性提升6%。负责农牧工作时，立即完成15%的进度。","凤阳花鼓","天赋：鼓点","20"
"农牧属性提升8%。凤扬装备时农牧属性提升8%。负责农牧工作时，立即完成20%的进度。","农牧属性提升8%。","农牧属性提升8%。负责农牧工作时，立即完成20%的进度。","凤阳花鼓","天赋：鼓点","30"
"农牧属性提升10%。凤扬装备时农牧属性提升10%。负责农牧工作时，立即完成25%的进度。","农牧属性提升10%。","农牧属性提升10%。负责农牧工作时，立即完成25%的进度。","凤阳花鼓","天赋：鼓点","40"
"建造属性提升4%。秦挽铮装备时建造属性提升4%。负责打造、升级家具时，立即完成5%的进度。","建造属性提升4%。","建造属性提升4%。负责打造、升级家具时，立即完成5%的进度。","惊涛铜琶","天赋：弹拨","初始"
"秦挽铮装备时","","","惊涛铜琶","天赋：弹拨","20"
"秦挽铮装备时","","","惊涛铜琶","天赋：弹拨","30"
"建造属性提升10%。秦挽铮装备时建造属性提升10%。负责打造、升级家具时，立即完成15%的进度。","建造属性提升10%。","建造属性提升10%。负责打造、升级家具时，立即完成15%的进度。","惊涛铜琶","天赋：弹拨","40"
"制作属性提升4%。秦奚装备时制作属性提升4%。负责1小时以上的制作工作时，额外获得20份随机资源。","制作属性提升4%。","制作属性提升4%。负责1小时以上的制作工作时，额外获得20份随机资源。","清音胡琴","天赋：二弦","初始"
"制作属性提升6%。秦奚装备时制作属性提升6%。负责1小时以上的制作工作时，额外获得30份随机资源。","制作属性提升6%。","制作属性提升6%。负责1小时以上的制作工作时，额外获得30份随机资源。","清音胡琴","天赋：二弦","20"
"制作属性提升8%。秦奚装备时制作属性提升8%。负责1小时以上的制作工作时，额外获得40份随机资源。","制作属性提升8%。","制作属性提升8%。负责1小时以上的制作工作时，额外获得40份随机资源。","清音胡琴","天赋：二弦","30"
"制作属性提升10%。秦奚装备时制作属性提升10%。负责1小时以上的制作工作时，额外获得50份随机资源。","制作属性提升10%。","制作属性提升10%。负责1小时以上的制作工作时，额外获得50份随机资源。","清音胡琴","天赋：二弦","40"
"建造属性提升4%。公子礼装备时建造属性提升4%。负责建造/升级生产建筑时，立即完成10%的进度。","建造属性提升4%。","建造属性提升4%。负责建造/升级生产建筑时，立即完成10%的进度。","飞星编钟","天赋：鸣奏","初始"
"建造属性提升6%。公子礼装备时建造属性提升6%。负责建造/升级生产建筑时，立即完成15%的进度。","建造属性提升6%。","建造属性提升6%。负责建造/升级生产建筑时，立即完成15%的进度。","飞星编钟","天赋：鸣奏","20"
"建造属性提升8%。公子礼装备时建造属性提升8%。负责建造/升级生产建筑时，立即完成20%的进度。","建造属性提升8%。","建造属性提升8%。负责建造/升级生产建筑时，立即完成20%的进度。","飞星编钟","天赋：鸣奏","30"
"建造属性提升10%。公子礼装备时建造属性提升10%。负责建造/升级生产建筑时，立即完成25%的进度。","建造属性提升10%。","建造属性提升10%。负责建造/升级生产建筑时，立即完成25%的进度。","飞星编钟","天赋：鸣奏","40"
"制作属性提升4%。兰心娴装备时制作属性提升4%。在琥珀酒坊工作时，所需酒曲减少10%。","制作属性提升4%。","制作属性提升4%。在琥珀酒坊工作时，所需酒曲减少10%。","花雕酒坛","天赋：陈酿","初始"
"制作属性提升6%。兰心娴装备时制作属性提升6%。在琥珀酒坊工作时，所需酒曲减少20%。","制作属性提升6%。","制作属性提升6%。在琥珀酒坊工作时，所需酒曲减少20%。","花雕酒坛","天赋：陈酿","20"
"制作属性提升8%。兰心娴装备时制作属性提升8%。在琥珀酒坊工作时，所需酒曲减少30%。","制作属性提升8%。","制作属性提升8%。在琥珀酒坊工作时，所需酒曲减少30%。","花雕酒坛","天赋：陈酿","30"
"制作属性提升10%。兰心娴装备时制作属性提升10%。在琥珀酒坊工作时，所需酒曲减少50%。","制作属性提升10%。","制作属性提升10%。在琥珀酒坊工作时，所需酒曲减少50%。","花雕酒坛","天赋：陈酿","40"
"农牧属性提升4%。金魏装备时农牧属性提升4%。负责农牧工作时，立即完成15%的进度。","农牧属性提升4%。","农牧属性提升4%。负责农牧工作时，立即完成15%的进度。","木雕小猫","天赋：唯一","初始"
"农牧属性提升6%。金魏装备时农牧属性提升6%。负责农牧工作时，立即完成25%的进度。","农牧属性提升6%。","农牧属性提升6%。负责农牧工作时，立即完成25%的进度。","木雕小猫","天赋：唯一","20"
"农牧属性提升8%。金魏装备时农牧属性提升8%。负责农牧工作时，立即完成35%的进度。","农牧属性提升8%。","农牧属性提升8%。负责农牧工作时，立即完成35%的进度。","木雕小猫","天赋：唯一","30"
"农牧属性提升10%。金魏装备时农牧属性提升10%。负责农牧工作时，立即完成50%的进度。","农牧属性提升10%。","农牧属性提升10%。负责农牧工作时，立即完成50%的进度。","木雕小猫","天赋：唯一","40"
"制作属性提升4%。孟余装备时制作属性提升4%。负责制作工作时，额外获得20%的产品。","制作属性提升4%。","制作属性提升4%。负责制作工作时，额外获得20%的产品。","陶鼎","天赋：沸腾","初始"
"制作属性提升6%。孟余装备时制作属性提升6%。负责制作工作时，额外获得40%的产品。","制作属性提升6%。","制作属性提升6%。负责制作工作时，额外获得40%的产品。","陶鼎","天赋：沸腾","20"
"制作属性提升8%。孟余装备时制作属性提升8%。负责制作工作时，额外获得60%的产品。","制作属性提升8%。","制作属性提升8%。负责制作工作时，额外获得60%的产品。","陶鼎","天赋：沸腾","30"
"制作属性提升10%。孟余装备时制作属性提升10%。负责制作工作时，额外获得80%的产品。","制作属性提升10%。","制作属性提升10%。负责制作工作时，额外获得80%的产品。","陶鼎","天赋：沸腾","40"
"制作属性提升4%。姜喜装备时制作属性提升4%。负责制作工作时，立即完成15%的进度。","制作属性提升4%。","制作属性提升4%。负责制作工作时，立即完成15%的进度。","红绸剪刀","天赋：剪彩","初始"
"制作属性提升6%。姜喜装备时制作属性提升6%。负责制作工作时，立即完成20%的进度。","制作属性提升6%。","制作属性提升6%。负责制作工作时，立即完成20%的进度。","红绸剪刀","天赋：剪彩","20"
"制作属性提升8%。姜喜装备时制作属性提升8%。负责制作工作时，立即完成25%的进度。","制作属性提升8%。","制作属性提升8%。负责制作工作时，立即完成25%的进度。","红绸剪刀","天赋：剪彩","30"
"制作属性提升10%。姜喜装备时制作属性提升10%。负责制作工作时，立即完成30%的进度。","制作属性提升10%。","制作属性提升10%。负责制作工作时，立即完成30%的进度。","红绸剪刀","天赋：剪彩","40"
"制作属性提升4%。飞花装备时制作属性提升4%。负责制作工作时，额外获得25%的产品。","制作属性提升4%。","制作属性提升4%。负责制作工作时，额外获得25%的产品。","瑶台花篮","天赋：沾衣","初始"
"制作属性提升6%。飞花装备时制作属性提升6%。负责制作工作时，额外获得35%的产品。","制作属性提升6%。","制作属性提升6%。负责制作工作时，额外获得35%的产品。","瑶台花篮","天赋：沾衣","20"
"制作属性提升8%。飞花装备时制作属性提升8%。负责制作工作时，额外获得45%的产品。","制作属性提升8%。","制作属性提升8%。负责制作工作时，额外获得45%的产品。","瑶台花篮","天赋：沾衣","30"
"制作属性提升10%。飞花装备时制作属性提升10%。负责制作工作时，额外获得60%的产品。","制作属性提升10%。","制作属性提升10%。负责制作工作时，额外获得60%的产品。","瑶台花篮","天赋：沾衣","40"
"建造属性提升4%。弥月装备时建造属性提升4%。负责建造/升级建筑时，立即完成15%的进度。","建造属性提升4%。","建造属性提升4%。负责建造/升级建筑时，立即完成15%的进度。","玉屑饭","天赋：健康","初始"
"建造属性提升6%。弥月装备时建造属性提升6%。负责建造/升级建筑时，立即完成20%的进度。","建造属性提升6%。","建造属性提升6%。负责建造/升级建筑时，立即完成20%的进度。","玉屑饭","天赋：健康","20"
"建造属性提升8%。弥月装备时建造属性提升8%。负责建造/升级建筑时，立即完成30%的进度。","建造属性提升8%。","建造属性提升8%。负责建造/升级建筑时，立即完成30%的进度。","玉屑饭","天赋：健康","30"
"建造属性提升10%。弥月装备时建造属性提升10%。负责建造/升级建筑时，立即完成40%的进度。","建造属性提升10%。","建造属性提升10%。负责建造/升级建筑时，立即完成40%的进度。","玉屑饭","天赋：健康","40"
"理财属性提升4%。泉先装备时理财属性提升4%。负责1小时以上的理财工作时，立即完成5%的进度，并额外获得1个鲛人泪。","理财属性提升4%。","理财属性提升4%。负责1小时以上的理财工作时，立即完成5%的进度，并额外获得1个鲛人泪。","鲛珠","天赋：泪痕","初始"
"理财属性提升6%。泉先装备时理财属性提升6%。负责1小时以上的理财工作时，立即完成10%的进度，并额外获得1个鲛人泪。","理财属性提升6%。","理财属性提升6%。负责1小时以上的理财工作时，立即完成10%的进度，并额外获得1个鲛人泪。","鲛珠","天赋：泪痕","20"
"理财属性提升8%。泉先装备时理财属性提升8%。负责1小时以上的理财工作时，立即完成15%的进度，并额外获得1个鲛人泪。","理财属性提升8%。","理财属性提升8%。负责1小时以上的理财工作时，立即完成15%的进度，并额外获得1个鲛人泪。","鲛珠","天赋：泪痕","30"
"理财属性提升10%。泉先装备时理财属性提升10%。负责1小时以上的理财工作时，立即完成20%的进度，并额外获得1个鲛人泪。","理财属性提升10%。","理财属性提升10%。负责1小时以上的理财工作时，立即完成20%的进度，并额外获得1个鲛人泪。","鲛珠","天赋：泪痕","40"
"建造属性提升4%。江行装备时建造属性提升4%。负责建造/升级建筑时，立即完成10%的进度。","建造属性提升4%。","建造属性提升4%。负责建造/升级建筑时，立即完成10%的进度。","辟邪旗","天赋：威仪","初始"
"建造属性提升6%。江行装备时建造属性提升6%。负责建造/升级建筑时，立即完成15%的进度。","建造属性提升6%。","建造属性提升6%。负责建造/升级建筑时，立即完成15%的进度。","辟邪旗","天赋：威仪","20"
"建造属性提升8%。江行装备时建造属性提升8%。负责建造/升级建筑时，立即完成25%的进度。","建造属性提升8%。","建造属性提升8%。负责建造/升级建筑时，立即完成25%的进度。","辟邪旗","天赋：威仪","30"
"建造属性提升10%。江行装备时建造属性提升10%。负责建造/升级建筑时，立即完成35%的进度。","建造属性提升10%。","建造属性提升10%。负责建造/升级建筑时，立即完成35%的进度。","辟邪旗","天赋：威仪","40"
"探险属性提升4%。公孙跃装备时探险属性提升4%。解锁新区域时，立即完成15%的进度。","探险属性提升4%。","探险属性提升4%。解锁新区域时，立即完成15%的进度。","常胜月杖","天赋：直击","初始"
"探险属性提升6%。公孙跃装备时探险属性提升6%。解锁新区域时，立即完成20%的进度。","探险属性提升6%。","探险属性提升6%。解锁新区域时，立即完成20%的进度。","常胜月杖","天赋：直击","20"
"探险属性提升8%。公孙跃装备时探险属性提升8%。解锁新区域时，立即完成25%的进度。","探险属性提升8%。","探险属性提升8%。解锁新区域时，立即完成25%的进度。","常胜月杖","天赋：直击","30"
"探险属性提升10%。公孙跃装备时探险属性提升10%。解锁新区域时，立即完成30%的进度。","探险属性提升10%。","探险属性提升10%。解锁新区域时，立即完成30%的进度。","常胜月杖","天赋：直击","40"
"制作属性提升4%。卢璨装备时制作属性提升4%。负责制作工作时，立即完成15%的进度。","制作属性提升4%。","制作属性提升4%。负责制作工作时，立即完成15%的进度。","龙鳞装书籍","天赋：龙鳞","初始"
"制作属性提升6%。卢璨装备时制作属性提升6%。负责制作工作时，立即完成20%的进度。","制作属性提升6%。","制作属性提升6%。负责制作工作时，立即完成20%的进度。","龙鳞装书籍","天赋：龙鳞","20"
"制作属性提升8%。卢璨装备时制作属性提升8%。负责制作工作时，立即完成25%的进度。","制作属性提升8%。","制作属性提升8%。负责制作工作时，立即完成25%的进度。","龙鳞装书籍","天赋：龙鳞","30"
"制作属性提升10%。卢璨装备时制作属性提升10%。负责制作工作时，立即完成30%的进度。","制作属性提升10%。","制作属性提升10%。负责制作工作时，立即完成30%的进度。","龙鳞装书籍","天赋：龙鳞","40"
"农牧属性提升4%。卢璀装备时农牧属性提升4%。负责农牧工作时，额外获得20%的产品。","农牧属性提升4%。","农牧属性提升4%。负责农牧工作时，额外获得20%的产品。","曲项琵琶","天赋：音律","初始"
"农牧属性提升6%。卢璀装备时农牧属性提升6%。负责农牧工作时，额外获得40%的产品。","农牧属性提升6%。","农牧属性提升6%。负责农牧工作时，额外获得40%的产品。","曲项琵琶","天赋：音律","20"
"农牧属性提升8%。卢璀装备时农牧属性提升8%。负责农牧工作时，额外获得60%的产品。","农牧属性提升8%。","农牧属性提升8%。负责农牧工作时，额外获得60%的产品。","曲项琵琶","天赋：音律","30"
"农牧属性提升10%。卢璀装备时农牧属性提升10%。负责农牧工作时，额外获得100%的产品。","农牧属性提升10%。","农牧属性提升10%。负责农牧工作时，额外获得100%的产品。","曲项琵琶","天赋：音律","40"
"制作属性提升4%。向斜阳装备时制作属性提升4%。负责制作工作时，额外获得20%的产品。","制作属性提升4%。","制作属性提升4%。负责制作工作时，额外获得20%的产品。","金缠腰","天赋：盛放","初始"
"制作属性提升6%。向斜阳装备时制作属性提升6%。负责制作工作时，额外获得40%的产品。","制作属性提升6%。","制作属性提升6%。负责制作工作时，额外获得40%的产品。","金缠腰","天赋：盛放","20"
"制作属性提升8%。向斜阳装备时制作属性提升8%。负责制作工作时，额外获得60%的产品。","制作属性提升8%。","制作属性提升8%。负责制作工作时，额外获得60%的产品。","金缠腰","天赋：盛放","30"
"制作属性提升10%。向斜阳装备时制作属性提升10%。负责制作工作时，额外获得100%的产品。","制作属性提升10%。","制作属性提升10%。负责制作工作时，额外获得100%的产品。","金缠腰","天赋：盛放","40"
"制作属性提升4%。胡月眉装备时制作属性提升4%。在印刷厂工作时，立即完成15%的进度。","制作属性提升4%。","制作属性提升4%。在印刷厂工作时，立即完成15%的进度。","一卷报纸","天赋：传闻","初始"
"制作属性提升6%。胡月眉装备时制作属性提升6%。在印刷厂工作时，立即完成20%的进度。","制作属性提升6%。","制作属性提升6%。在印刷厂工作时，立即完成20%的进度。","一卷报纸","天赋：传闻","20"
"制作属性提升8%。胡月眉装备时制作属性提升8%。在印刷厂工作时，立即完成30%的进度。","制作属性提升8%。","制作属性提升8%。在印刷厂工作时，立即完成30%的进度。","一卷报纸","天赋：传闻","30"
"制作属性提升10%。胡月眉装备时制作属性提升10%。在印刷厂工作时，立即完成40%的进度。","制作属性提升10%。","制作属性提升10%。在印刷厂工作时，立即完成40%的进度。","一卷报纸","天赋：传闻","40"
"建造属性提升4%。孟好学装备时建造属性提升4%。负责建造/升级建筑时，立即完成10%的进度。","建造属性提升4%。","建造属性提升4%。负责建造/升级建筑时，立即完成10%的进度。","魁星点斗","天赋：翘楚","初始"
"建造属性提升6%。孟好学装备时建造属性提升6%。负责建造/升级建筑时，立即完成15%的进度。","建造属性提升6%。","建造属性提升6%。负责建造/升级建筑时，立即完成15%的进度。","魁星点斗","天赋：翘楚","20"
"建造属性提升8%。孟好学装备时建造属性提升8%。负责建造/升级建筑时，立即完成20%的进度。","建造属性提升8%。","建造属性提升8%。负责建造/升级建筑时，立即完成20%的进度。","魁星点斗","天赋：翘楚","30"
"建造属性提升10%。孟好学装备时建造属性提升10%。负责建造/升级建筑时，立即完成25%的进度。","建造属性提升10%。","建造属性提升10%。负责建造/升级建筑时，立即完成25%的进度。","魁星点斗","天赋：翘楚","40"
"理财属性提升4%。麦小满装备时理财属性提升4%，负责漕运任意工作时，可额外获得1张连票。","理财属性提升4%。","理财属性提升4%，负责漕运任意工作时，可额外获得1张连票。","香粉盒","天赋：浓稠","初始"
"理财属性提升6%。麦小满装备时理财属性提升6%，负责漕运任意工作时，可额外获得2张连票。","理财属性提升6%。","理财属性提升6%，负责漕运任意工作时，可额外获得2张连票。","香粉盒","天赋：浓稠","20"
"理财属性提升8%。麦小满装备时理财属性提升8%，负责漕运任意工作时，可额外获得3张连票。","理财属性提升8%。","理财属性提升8%，负责漕运任意工作时，可额外获得3张连票。","香粉盒","天赋：浓稠","30"
"理财属性提升10%。麦小满装备时理财属性提升10%，负责漕运任意工作时，可额外获得5张连票。","理财属性提升10%。","理财属性提升10%，负责漕运任意工作时，可额外获得5张连票。","香粉盒","天赋：浓稠","40"
"农牧属性提升4%。百里沉香装备时农牧属性提升4%。在香粉厂工作时，立即完成15%的进度。","农牧属性提升4%。","农牧属性提升4%。在香粉厂工作时，立即完成15%的进度。","木雕漕船","天赋：细琢","初始"
"农牧属性提升6%。百里沉香装备时农牧属性提升6%。在香粉厂工作时，立即完成20%的进度。","农牧属性提升6%。","农牧属性提升6%。在香粉厂工作时，立即完成20%的进度。","木雕漕船","天赋：细琢","20"
"农牧属性提升8%。百里沉香装备时农牧属性提升8%。在香粉厂工作时，立即完成30%的进度。","农牧属性提升8%。","农牧属性提升8%。在香粉厂工作时，立即完成30%的进度。","木雕漕船","天赋：细琢","30"
"农牧属性提升10%。百里沉香装备时农牧属性提升10%。在香粉厂工作时，立即完成40%的进度。","农牧属性提升10%。","农牧属性提升10%。在香粉厂工作时，立即完成40%的进度。","木雕漕船","天赋：细琢","40"
"理财属性提升4%。宫商羽装备时理财属性提升4%，负责理财工作时，收入提升5%。","理财属性提升4%。","理财属性提升4%，负责理财工作时，收入提升5%。","檀木箜篌","天赋：绕梁","初始"
"理财属性提升6%。宫商羽装备时理财属性提升6%，负责理财工作时，收入提升10%。","理财属性提升6%。","理财属性提升6%，负责理财工作时，收入提升10%。","檀木箜篌","天赋：绕梁","20"
"理财属性提升8%。宫商羽装备时理财属性提升8%，负责理财工作时，收入提升15%。","理财属性提升8%。","理财属性提升8%，负责理财工作时，收入提升15%。","檀木箜篌","天赋：绕梁","30"
"理财属性提升10%。宫商羽装备时理财属性提升10%，负责理财工作时，收入提升20%。","理财属性提升10%。","理财属性提升10%，负责理财工作时，收入提升20%。","檀木箜篌","天赋：绕梁","40"
"制作属性提升4%。钟馗装备时制作属性提升4%。负责制作工作时，有3%的几率立即完成本次生产工作。","制作属性提升4%。","制作属性提升4%。负责制作工作时，有3%的几率立即完成本次生产工作。","破伞","天赋：除魔","初始"
"制作属性提升6%。钟馗装备时制作属性提成6%，负责制作工作时，有5%的几率立即完成本次生产","制作属性提升6%。","制作属性提成6%，负责制作工作时，有5%的几率立即完成本次生产","破伞","天赋：除魔","20"
"制作属性提升8%。钟馗装备时制作属性提成8%，负责制作工作时，有7%的几率立即完成本次生产","制作属性提升8%。","制作属性提成8%，负责制作工作时，有7%的几率立即完成本次生产","破伞","天赋：除魔","30"
"制作属性提升10%。钟馗装备时制作属性提成10%，负责制作工作时，有10%的几率立即完成本次生产","制作属性提升10%。","制作属性提成10%，负责制作工作时，有10%的几率立即完成本次生产","破伞","天赋：除魔","40"
"建造属性提升4%。成梁装备时建造属性提升4%。负责打造/升级家具时，所需原材料减少10%。","建造属性提升4%。","建造属性提升4%。负责打造/升级家具时，所需原材料减少10%。","鲁班刨","天赋：匠心","初始"
"建造属性提升6%。成梁装备时建造属性提升6%。负责打造/升级家具时，所需原材料减少15%。","建造属性提升6%。","建造属性提升6%。负责打造/升级家具时，所需原材料减少15%。","鲁班刨","天赋：匠心","20"
"建造属性提升8%。成梁装备时建造属性提升8%。负责打造/升级家具时，所需原材料减少20%。","建造属性提升8%。","建造属性提升8%。负责打造/升级家具时，所需原材料减少20%。","鲁班刨","天赋：匠心","30"
"建造属性提升10%。成梁装备时建造属性提升10%。负责打造/升级家具时，所需原材料减少25%。","建造属性提升10%。","建造属性提升10%。负责打造/升级家具时，所需原材料减少25%。","鲁班刨","天赋：匠心","40"
"理财属性提升4%。端木偃装备时理财属性提升4%。负责理财工作时，收入提升4%。","理财属性提升4%。","理财属性提升4%。负责理财工作时，收入提升4%。","悬丝偶","天赋：戏法","初始"
"理财属性提升6%。端木偃装备时理财属性提升6%。负责理财工作时，收入提升6%。","理财属性提升6%。","理财属性提升6%。负责理财工作时，收入提升6%。","悬丝偶","天赋：戏法","20"
"理财属性提升8%。端木偃装备时理财属性提升8%。负责理财工作时，收入提升8%。","理财属性提升8%。","理财属性提升8%。负责理财工作时，收入提升8%。","悬丝偶","天赋：戏法","30"
"理财属性提升10%。端木偃装备时理财属性提升10%。负责理财工作时，收入提升12%。","理财属性提升10%。","理财属性提升10%。负责理财工作时，收入提升12%。","悬丝偶","天赋：戏法","40"
"制作属性提升4%。鹿溪隐装备时制作属性提升4%。负责制作工作时，立即完成10%的进度。","制作属性提升4%。","制作属性提升4%。负责制作工作时，立即完成10%的进度。","绣花针","天赋：灵针","初始"
"制作属性提升6%。鹿溪隐装备时制作属性提升6%。负责制作工作时，立即完成15%的进度。","制作属性提升6%。","制作属性提升6%。负责制作工作时，立即完成15%的进度。","绣花针","天赋：灵针","20"
"制作属性提升8%。鹿溪隐装备时制作属性提升8%。负责制作工作时，立即完成20%的进度。","制作属性提升8%。","制作属性提升8%。负责制作工作时，立即完成20%的进度。","绣花针","天赋：灵针","30"
"制作属性提升10%。鹿溪隐装备时制作属性提升10%。负责制作工作时，立即完成25%的进度。","制作属性提升10%。","制作属性提升10%。负责制作工作时，立即完成25%的进度。","绣花针","天赋：灵针","40"
"制作属性提升4%。云踏雪装备时制作属性提升4%。负责制作工作时，立即完成10%的进度。","制作属性提升4%。","制作属性提升4%。负责制作工作时，立即完成10%的进度。","马鞭","天赋：征程","初始"
"制作属性提升6%。云踏雪装备时制作属性提升6%。负责制作工作时，立即完成15%的进度。","制作属性提升6%。","制作属性提升6%。负责制作工作时，立即完成15%的进度。","马鞭","天赋：征程","20"
"制作属性提升8%。云踏雪装备时制作属性提升8%。负责制作工作时，立即完成20%的进度。","制作属性提升8%。","制作属性提升8%。负责制作工作时，立即完成20%的进度。","马鞭","天赋：征程","30"
"制作属性提升10%。云踏雪装备时制作属性提升10%。负责制作工作时，立即完成25%的进度。","制作属性提升10%。","制作属性提升10%。负责制作工作时，立即完成25%的进度。","马鞭","天赋：征程","40"
"理财属性提升4%。蛋生装备时理财属性提升4%，负责理财工作时，收入提升6%。","理财属性提升4%。","理财属性提升4%，负责理财工作时，收入提升6%。","天书","天赋：万象","初始"
"理财属性提升6%。蛋生装备时理财属性提升6%，负责理财工作时，收入提升9%。","理财属性提升6%。","理财属性提升6%，负责理财工作时，收入提升9%。","天书","天赋：万象","20"
"理财属性提升8%。蛋生装备时理财属性提升8%，负责理财工作时，收入提升12%。","理财属性提升8%。","理财属性提升8%，负责理财工作时，收入提升12%。","天书","天赋：万象","30"
"理财属性提升10%。蛋生装备时理财属性提升10%，负责理财工作时，收入提升15%。","理财属性提升10%。","理财属性提升10%，负责理财工作时，收入提升15%。","天书","天赋：万象","40"
"农牧属性提升4%。天机子装备时农牧属性提升4%。负责农牧工作时，立即完成15%的进度。","农牧属性提升4%。","农牧属性提升4%。负责农牧工作时，立即完成15%的进度。","冰玉棋盘","天赋：纵横","初始"
"农牧属性提升6%。天机子装备时农牧属性提升6%。负责农牧工作时，立即完成20%的进度。","农牧属性提升6%。","农牧属性提升6%。负责农牧工作时，立即完成20%的进度。","冰玉棋盘","天赋：纵横","20"
"农牧属性提升8%。天机子装备时农牧属性提升8%。负责农牧工作时，立即完成25%的进度。","农牧属性提升8%。","农牧属性提升8%。负责农牧工作时，立即完成25%的进度。","冰玉棋盘","天赋：纵横","30"
"农牧属性提升10%。天机子装备时农牧属性提升10%。负责农牧工作时，立即完成30%的进度。","农牧属性提升10%。","农牧属性提升10%。负责农牧工作时，立即完成30%的进度。","冰玉棋盘","天赋：纵横","40"
"制作属性提升4%。小玉装备时制作属性提升4%。更容易吸引男性一同工作。","制作属性提升4%。","制作属性提升4%。更容易吸引男性一同工作。","胡萝卜牙雕","天赋：精雕","初始"
"制作属性提升6%。小玉装备时制作属性提升6%。更容易吸引男性一同工作。","制作属性提升6%。","制作属性提升6%。更容易吸引男性一同工作。","胡萝卜牙雕","天赋：精雕","20"
"制作属性提升8%。小玉装备时制作属性提升8%。更容易吸引男性一同工作。","制作属性提升8%。","制作属性提升8%。更容易吸引男性一同工作。","胡萝卜牙雕","天赋：精雕","30"
"制作属性提升10%。小玉装备时制作属性提升10%。更容易吸引男性一同工作。","制作属性提升10%。","制作属性提升10%。更容易吸引男性一同工作。","胡萝卜牙雕","天赋：精雕","40"
"制作属性提升4%。苏轼装备时制作属性提升4%。负责制作工作时，立即完成10%的进度。","制作属性提升4%。","制作属性提升4%。负责制作工作时，立即完成10%的进度。","东坡肉","天赋：饕餮","初始"
"制作属性提升6%。苏轼装备时制作属性提升6%。负责制作工作时，立即完成15%的进度。","制作属性提升6%。","制作属性提升6%。负责制作工作时，立即完成15%的进度。","东坡肉","天赋：饕餮","20"
"制作属性提升8%。苏轼装备时制作属性提升8%。负责制作工作时，立即完成20%的进度。","制作属性提升8%。","制作属性提升8%。负责制作工作时，立即完成20%的进度。","东坡肉","天赋：饕餮","30"
"制作属性提升10%。苏轼装备时制作属性提升10%。负责制作工作时，立即完成25%的进度。","制作属性提升10%。","制作属性提升10%。负责制作工作时，立即完成25%的进度。","东坡肉","天赋：饕餮","40"
"建造属性提升4%。杨宗保装备时建造属性提升4%。升级建筑时，立即完成15%的进度。","建造属性提升4%。","建造属性提升4%。升级建筑时，立即完成15%的进度。","降龙木","天赋：避邪","初始"
"建造属性提升6%。杨宗保装备时建造属性提升6%。升级建筑时，立即完成20%的进度。","建造属性提升6%。","建造属性提升6%。升级建筑时，立即完成20%的进度。","降龙木","天赋：避邪","20"
"建造属性提升8%。杨宗保装备时建造属性提升8%。升级建筑时，立即完成25%的进度。","建造属性提升8%。","建造属性提升8%。升级建筑时，立即完成25%的进度。","降龙木","天赋：避邪","30"
"建造属性提升10%。杨宗保装备时建造属性提升10%。升级建筑时，立即完成30%的进度。","建造属性提升10%。","建造属性提升10%。升级建筑时，立即完成30%的进度。","降龙木","天赋：避邪","40"
"探险属性提升4%。哪吒装备时探险属性提升4%。负责制作工作时，额外获得20%的产品。","探险属性提升4%。","探险属性提升4%。负责制作工作时，额外获得20%的产品。","风火轮/专属","天赋：追风","初始"
"探险属性提升6%。哪吒装备时探险属性提升6%。负责制作工作时，额外获得30%的产品。","探险属性提升6%。","探险属性提升6%。负责制作工作时，额外获得30%的产品。","风火轮/专属","天赋：追风","20"
"探险属性提升8%。哪吒装备时探险属性提升8%。负责制作工作时，额外获得40%的产品。","探险属性提升8%。","探险属性提升8%。负责制作工作时，额外获得40%的产品。","风火轮/专属","天赋：追风","30"
"探险属性提升10%。哪吒装备时探险属性提升10%。负责制作工作时，额外获得50%的产品。","探险属性提升10%。","探险属性提升10%。负责制作工作时，额外获得50%的产品。","风火轮/专属","天赋：追风","40"
"理财属性提升4%。程大位装备时理财属性提升4%。负责徽商经营工作时，铜钱收入提升20%。","理财属性提升4%。","理财属性提升4%。负责徽商经营工作时，铜钱收入提升20%。","玉算盘","天赋：珠算","初始"
"理财属性提升6%。程大位装备时理财属性提升6%。负责徽商经营工作时，铜钱收入提升30%。","理财属性提升6%。","理财属性提升6%。负责徽商经营工作时，铜钱收入提升30%。","玉算盘","天赋：珠算","20"
"理财属性提升8%。程大位装备时理财属性提升8%。负责徽商经营工作时，铜钱收入提升40%。","理财属性提升8%。","理财属性提升8%。负责徽商经营工作时，铜钱收入提升40%。","玉算盘","天赋：珠算","30"
"理财属性提升10%。程大位装备时理财属性提升10%。负责徽商经营工作时，铜钱收入提升50%。","理财属性提升10%。","理财属性提升10%。负责徽商经营工作时，铜钱收入提升50%。","玉算盘","天赋：珠算","40"
"农牧属性提升4%。屈原装备时农牧属性提升4%。负责农牧工作时，立即完成5%的进度。","农牧属性提升4%。","农牧属性提升4%。负责农牧工作时，立即完成5%的进度。","离骚","天赋：抒情","初始"
"农牧属性提升6%。屈原装备时农牧属性提升6%。负责农牧工作时，立即完成10%的进度。","农牧属性提升6%。","农牧属性提升6%。负责农牧工作时，立即完成10%的进度。","离骚","天赋：抒情","20"
"农牧属性提升8%。屈原装备时农牧属性提升8%。负责农牧工作时，立即完成15%的进度。","农牧属性提升8%。","农牧属性提升8%。负责农牧工作时，立即完成15%的进度。","离骚","天赋：抒情","30"
"农牧属性提升10%。屈原装备时农牧属性提升10%。负责农牧工作时，立即完成20%的进度。","农牧属性提升10%。","农牧属性提升10%。负责农牧工作时，立即完成20%的进度。","离骚","天赋：抒情","40"
"建造属性提升4%。罗贯中装备时建造属性提升4%。建造商业建筑时，立即完成10%的进度。","建造属性提升4%。","建造属性提升4%。建造商业建筑时，立即完成10%的进度。","羽扇","天赋：东风","初始"
"建造属性提升6%。罗贯中装备时建造属性提升6%。建造商业建筑时，立即完成15%的进度。","建造属性提升6%。","建造属性提升6%。建造商业建筑时，立即完成15%的进度。","羽扇","天赋：东风","20"
"建造属性提升8%。罗贯中装备时建造属性提升8%。建造商业建筑时，立即完成20%的进度。","建造属性提升8%。","建造属性提升8%。建造商业建筑时，立即完成20%的进度。","羽扇","天赋：东风","30"
"建造属性提升10%。罗贯中装备时建造属性提升10%。建造商业建筑时，立即完成25%的进度。","建造属性提升10%。","建造属性提升10%。建造商业建筑时，立即完成25%的进度。","羽扇","天赋：东风","40"
"探险属性提升4%。施耐庵装备时探险属性提升4%。外出探险时，采集任意物体后，可额外获得150铜钱。","探险属性提升4%。","探险属性提升4%。外出探险时，采集任意物体后，可额外获得150铜钱。","丈八蛇矛","天赋：威猛","初始"
"探险属性提升6%。施耐庵装备时探险属性提升6%。外出探险时，采集任意物体后，可额外获得200铜钱。","探险属性提升6%。","探险属性提升6%。外出探险时，采集任意物体后，可额外获得200铜钱。","丈八蛇矛","天赋：威猛","20"
"探险属性提升8%。施耐庵装备时探险属性提升8%。外出探险时，采集任意物体后，可额外获得250铜钱。","探险属性提升8%。","探险属性提升8%。外出探险时，采集任意物体后，可额外获得250铜钱。","丈八蛇矛","天赋：威猛","30"
"探险属性提升10%。施耐庵装备时探险属性提升10%。外出探险时，采集任意物体后，可额外获得300铜钱。","探险属性提升10%。","探险属性提升10%。外出探险时，采集任意物体后，可额外获得300铜钱。","丈八蛇矛","天赋：威猛","40"
"制作属性提升4%。吴承恩装备时制作属性提升4%。负责制作工作时，立即完成5%的进度。","制作属性提升4%。","制作属性提升4%。负责制作工作时，立即完成5%的进度。","白龙马","天赋：千里","初始"
"制作属性提升6%。吴承恩装备时制作属性提升6%。负责制作工作时，立即完成10%的进度。","制作属性提升6%。","制作属性提升6%。负责制作工作时，立即完成10%的进度。","白龙马","天赋：千里","20"
"制作属性提升8%。吴承恩装备时制作属性提升8%。负责制作工作时，立即完成15%的进度。","制作属性提升8%。","制作属性提升8%。负责制作工作时，立即完成15%的进度。","白龙马","天赋：千里","30"
"制作属性提升10%。吴承恩装备时制作属性提升10%。负责制作工作时，立即完成20%的进度。","制作属性提升10%。","制作属性提升10%。负责制作工作时，立即完成20%的进度。","白龙马","天赋：千里","40"
"农牧属性提升4%。鱼玄机装备时农牧属性提升4%。负责农牧工作时，额外获得15%的产品。","农牧属性提升4%。","农牧属性提升4%。负责农牧工作时，额外获得15%的产品。","梧桐子","天赋：温润","初始"
"农牧属性提升6%。鱼玄机装备时农牧属性提升6%。负责农牧工作时，额外获得20%的产品。","农牧属性提升6%。","农牧属性提升6%。负责农牧工作时，额外获得20%的产品。","梧桐子","天赋：温润","20"
"农牧属性提升8%。鱼玄机装备时农牧属性提升8%。负责农牧工作时，额外获得25%的产品。","农牧属性提升8%。","农牧属性提升8%。负责农牧工作时，额外获得25%的产品。","梧桐子","天赋：温润","30"
"农牧属性提升10%。鱼玄机装备时农牧属性提升10%。负责农牧工作时，额外获得30%的产品。","农牧属性提升10%。","农牧属性提升10%。负责农牧工作时，额外获得30%的产品。","梧桐子","天赋：温润","40"
"理财属性提升4%。嵇康装备时理财属性提升4%。负责理财工作时，收入提升20%。","理财属性提升4%。","理财属性提升4%。负责理财工作时，收入提升20%。","广陵散","天赋：止息","初始"
"理财属性提升6%。嵇康装备时理财属性提升6%。负责理财工作时，收入提升30%。","理财属性提升6%。","理财属性提升6%。负责理财工作时，收入提升30%。","广陵散","天赋：止息","20"
"理财属性提升8%。嵇康装备时理财属性提升8%。负责理财工作时，收入提升40%。","理财属性提升8%。","理财属性提升8%。负责理财工作时，收入提升40%。","广陵散","天赋：止息","30"
"理财属性提升10%。嵇康装备时理财属性提升10%。负责理财工作时，收入提升50%。","理财属性提升10%。","理财属性提升10%。负责理财工作时，收入提升50%。","广陵散","天赋：止息","40"
"探险属性提升4%。戚继光装备时探险属性提升4%。探险体力的恢复速度加快5%。","探险属性提升4%。","探险属性提升4%。探险体力的恢复速度加快5%。","虎蹲炮","天赋：轰雷","初始"
"探险属性提升6%。戚继光装备时探险属性提升6%。探险体力的恢复速度加快10%。","探险属性提升6%。","探险属性提升6%。探险体力的恢复速度加快10%。","虎蹲炮","天赋：轰雷","20"
"探险属性提升8%。戚继光装备时探险属性提升8%。探险体力的恢复速度加快15%。","探险属性提升8%。","探险属性提升8%。探险体力的恢复速度加快15%。","虎蹲炮","天赋：轰雷","30"
"探险属性提升10%。戚继光装备时探险属性提升10%。探险体力的恢复速度加快20%。","探险属性提升10%。","探险属性提升10%。探险体力的恢复速度加快20%。","虎蹲炮","天赋：轰雷","40"
"制作属性提升4%。沈度装备时制作属性提升4%。负责制作工作时，所需菜肴减少20%。","制作属性提升4%。","制作属性提升4%。负责制作工作时，所需菜肴减少20%。","永乐大钟","天赋：五绝","初始"
"制作属性提升6%。沈度装备时制作属性提升6%。负责制作工作时，所需菜肴减少30%。","制作属性提升6%。","制作属性提升6%。负责制作工作时，所需菜肴减少30%。","永乐大钟","天赋：五绝","20"
"制作属性提升8%。沈度装备时制作属性提升8%。负责制作工作时，所需菜肴减少40%。","制作属性提升8%。","制作属性提升8%。负责制作工作时，所需菜肴减少40%。","永乐大钟","天赋：五绝","30"
"制作属性提升10%。沈度装备时制作属性提升10%。负责制作工作时，所需菜肴减少50%。","制作属性提升10%。","制作属性提升10%。负责制作工作时，所需菜肴减少50%。","永乐大钟","天赋：五绝","40"
"农牧属性提升4%。朱棣装备时农牧属性提升4%。负责农牧工作时，立即完成5%的进度。","农牧属性提升4%。","农牧属性提升4%。负责农牧工作时，立即完成5%的进度。","缰绳","天赋：御马","初始"
"农牧属性提升6%。朱棣装备时农牧属性提升6%。负责农牧工作时，立即完成10%的进度。","农牧属性提升6%。","农牧属性提升6%。负责农牧工作时，立即完成10%的进度。","缰绳","天赋：御马","20"
"农牧属性提升8%。朱棣装备时农牧属性提升8%。负责农牧工作时，立即完成15%的进度。","农牧属性提升8%。","农牧属性提升8%。负责农牧工作时，立即完成15%的进度。","缰绳","天赋：御马","30"
"农牧属性提升10%。朱棣装备时农牧属性提升10%。负责农牧工作时，立即完成20%的进度。","农牧属性提升10%。","农牧属性提升10%。负责农牧工作时，立即完成20%的进度。","缰绳","天赋：御马","40"
"建造属性提升4%。展昭装备时建造属性提升4%。建造生产建筑时，立即完成10%的进度。","建造属性提升4%。","建造属性提升4%。建造生产建筑时，立即完成10%的进度。","御腰牌","天赋：御赐","初始"
"建造属性提升6%。展昭装备时建造属性提升6%。建造生产建筑时，立即完成15%的进度。","建造属性提升6%。","建造属性提升6%。建造生产建筑时，立即完成15%的进度。","御腰牌","天赋：御赐","20"
"建造属性提升8%。展昭装备时建造属性提升8%。建造生产建筑时，立即完成20%的进度。","建造属性提升8%。","建造属性提升8%。建造生产建筑时，立即完成20%的进度。","御腰牌","天赋：御赐","30"
"建造属性提升10%。展昭装备时建造属性提升10%。建造生产建筑时，立即完成25%的进度。","建造属性提升10%。","建造属性提升10%。建造生产建筑时，立即完成25%的进度。","御腰牌","天赋：御赐","40"
"制作属性提升4%。仇珠装备时制作属性提升4%，探险属性提升4%。","制作属性提升4%。","制作属性提升4%，探险属性提升4%。","螺钿盒子","天赋：五彩","初始"
"制作属性提升6%。仇珠装备时制作属性提升6%，探险属性提升6%。","制作属性提升6%。","制作属性提升6%，探险属性提升6%。","螺钿盒子","天赋：五彩","20"
"制作属性提升8%。仇珠装备时制作属性提升8%，探险属性提升8%。","制作属性提升8%。","制作属性提升8%，探险属性提升8%。","螺钿盒子","天赋：五彩","30"
"制作属性提升10%。仇珠装备时制作属性提升10%，探险属性提升10%。","制作属性提升10%。","制作属性提升10%，探险属性提升10%。","螺钿盒子","天赋：五彩","40"
"建造属性提升4%。文俶装备时建造属性提升4%，农牧属性提升4%。","建造属性提升4%。","建造属性提升4%，农牧属性提升4%。","江南春图","天赋：百景","初始"
"建造属性提升6%。文俶装备时建造属性提升6%，农牧属性提升6%。","建造属性提升6%。","建造属性提升6%，农牧属性提升6%。","江南春图","天赋：百景","20"
"建造属性提升8%。文俶装备时建造属性提升8%，农牧属性提升8%。","建造属性提升8%。","建造属性提升8%，农牧属性提升8%。","江南春图","天赋：百景","30"
"建造属性提升10%。文俶装备时建造属性提升10%，农牧属性提升10%。","建造属性提升10%。","建造属性提升10%，农牧属性提升10%。","江南春图","天赋：百景","40"
"理财属性提升4%。徐祯卿装备时理财属性提升4%。从事理财工作时，除菜肴外其他所需的原材料减少10%。","理财属性提升4%。","理财属性提升4%。从事理财工作时，除菜肴外其他所需的原材料减少10%。","铜香炉","天赋：诗冠","初始"
"理财属性提升6%。徐祯卿装备时理财属性提升6%。从事理财工作时，除菜肴外其他所需的原材料减少15%。","理财属性提升6%。","理财属性提升6%。从事理财工作时，除菜肴外其他所需的原材料减少15%。","铜香炉","天赋：诗冠","20"
"理财属性提升8%。徐祯卿装备时理财属性提升8%。从事理财工作时，除菜肴外其他所需的原材料减少20%。","理财属性提升8%。","理财属性提升8%。从事理财工作时，除菜肴外其他所需的原材料减少20%。","铜香炉","天赋：诗冠","30"
"理财属性提升10%。徐祯卿装备时理财属性提升10%。从事理财工作时，除菜肴外其他所需的原材料减少25%。","理财属性提升10%。","理财属性提升10%。从事理财工作时，除菜肴外其他所需的原材料减少25%。","铜香炉","天赋：诗冠","40"
"建造属性提升4%。奢香装备时建造属性提升4%。升级建筑时，额外获得20份菜肴。","建造属性提升4%。","建造属性提升4%。升级建筑时，额外获得20份菜肴。","彝刀","天赋：愤怒","初始"
"建造属性提升6%。奢香装备时建造属性提升6%。升级建筑时，额外获得50份菜肴。","建造属性提升6%。","建造属性提升6%。升级建筑时，额外获得50份菜肴。","彝刀","天赋：愤怒","20"
"建造属性提升8%。奢香装备时建造属性提升8%。升级建筑时，额外获得70份菜肴。","建造属性提升8%。","建造属性提升8%。升级建筑时，额外获得70份菜肴。","彝刀","天赋：愤怒","30"
"建造属性提升10%。奢香装备时建造属性提升10%。升级建筑时，额外获得90份菜肴。","建造属性提升10%。","建造属性提升10%。升级建筑时，额外获得90份菜肴。","彝刀","天赋：愤怒","40"
"建造属性提升4%。白居易装备时建造属性提升4%。建造新建筑时，立即完成15%的进度。","建造属性提升4%。","建造属性提升4%。建造新建筑时，立即完成15%的进度。","自酿酒","天赋：对酒","初始"
"建造属性提升6%。白居易装备时建造属性提升6%。建造新建筑时，立即完成20%的进度。","建造属性提升6%。","建造属性提升6%。建造新建筑时，立即完成20%的进度。","自酿酒","天赋：对酒","20"
"建造属性提升8%。白居易装备时建造属性提升8%。建造新建筑时，立即完成25%的进度。","建造属性提升8%。","建造属性提升8%。建造新建筑时，立即完成25%的进度。","自酿酒","天赋：对酒","30"
"建造属性提升10%。白居易装备时建造属性提升10%。建造新建筑时，立即完成30%的进度。","建造属性提升10%。","建造属性提升10%。建造新建筑时，立即完成30%的进度。","自酿酒","天赋：对酒","40"
"制作属性提升4%。罗素月装备时制作属性提升4%。在炼丹炉工作时，立即完成10%的进度。","制作属性提升4%。","制作属性提升4%。在炼丹炉工作时，立即完成10%的进度。","梅花枝","天赋：高洁","初始"
"制作属性提升6%。罗素月装备时制作属性提升6%。在炼丹炉工作时，立即完成15%的进度。","制作属性提升6%。","制作属性提升6%。在炼丹炉工作时，立即完成15%的进度。","梅花枝","天赋：高洁","20"
"制作属性提升8%。罗素月装备时制作属性提升8%。在炼丹炉工作时，立即完成20%的进度。","制作属性提升8%。","制作属性提升8%。在炼丹炉工作时，立即完成20%的进度。","梅花枝","天赋：高洁","30"
"制作属性提升10%。罗素月装备时制作属性提升10%。在炼丹炉工作时，立即完成25%的进度。","制作属性提升10%。","制作属性提升10%。在炼丹炉工作时，立即完成25%的进度。","梅花枝","天赋：高洁","40"
"探险属性提升4%。梁山伯装备时探险属性提升4%。探险体力的恢复速度加快5%。","探险属性提升4%。","探险属性提升4%。探险体力的恢复速度加快5%。","蝴蝶佩·左","天赋：眷恋","初始"
"探险属性提升6%。梁山伯装备时探险属性提升6%。探险体力的恢复速度加快10%。","探险属性提升6%。","探险属性提升6%。探险体力的恢复速度加快10%。","蝴蝶佩·左","天赋：眷恋","20"
"探险属性提升8%。梁山伯装备时探险属性提升8%。探险体力的恢复速度加快15%。","探险属性提升8%。","探险属性提升8%。探险体力的恢复速度加快15%。","蝴蝶佩·左","天赋：眷恋","30"
"探险属性提升10%。梁山伯装备时探险属性提升10%。探险体力的恢复速度加快20%。","探险属性提升10%。","探险属性提升10%。探险体力的恢复速度加快20%。","蝴蝶佩·左","天赋：眷恋","40"
"理财属性提升4%。祝英台装备时理财属性提升4%。在寿材店工作时，立即完成5%的进度。","理财属性提升4%。","理财属性提升4%。在寿材店工作时，立即完成5%的进度。","蝴蝶佩·右","天赋：相思","初始"
"理财属性提升6%。祝英台装备时理财属性提升6%。在寿材店工作时，立即完成10%的进度。","理财属性提升6%。","理财属性提升6%。在寿材店工作时，立即完成10%的进度。","蝴蝶佩·右","天赋：相思","20"
"理财属性提升8%。祝英台装备时理财属性提升8%。在寿材店工作时，立即完成15%的进度。","理财属性提升8%。","理财属性提升8%。在寿材店工作时，立即完成15%的进度。","蝴蝶佩·右","天赋：相思","30"
"理财属性提升10%。祝英台装备时理财属性提升10%。在寿材店工作时，立即完成20%的进度。","理财属性提升10%。","理财属性提升10%。在寿材店工作时，立即完成20%的进度。","蝴蝶佩·右","天赋：相思","40"
"农牧 属性提升4% 。马蓬瀛装备时农牧 属性提升4% 。负责农业 工作时，额外获得10% 的产品。","农牧 属性提升4% 。","农牧 属性提升4% 。负责农业 工作时，额外获得10% 的产品。","北斗挂坠","天赋：天罡","初始"
"农牧 属性提升6% 。马蓬瀛装备时农牧 属性提升6% 。负责农业 工作时，额外获得15% 的产品。","农牧 属性提升6% 。","农牧 属性提升6% 。负责农业 工作时，额外获得15% 的产品。","北斗挂坠","天赋：天罡","20"
"农牧 属性提升8% 。马蓬瀛装备时农牧 属性提升8% 。负责农业 工作时，额外获得20% 的产品。","农牧 属性提升8% 。","农牧 属性提升8% 。负责农业 工作时，额外获得20% 的产品。","北斗挂坠","天赋：天罡","30"
"农牧 属性提升10% 。马蓬瀛装备时农牧 属性提升10% 。负责农业 工作时，额外获得25% 的产品。","农牧 属性提升10% 。","农牧 属性提升10% 。负责农业 工作时，额外获得25% 的产品。","北斗挂坠","天赋：天罡","40"
"理财 属性提升4% 。谈允贤装备时理财 属性提升4% 。负责理财 工作时，需要的本金减少20% 。","理财 属性提升4% 。","理财 属性提升4% 。负责理财 工作时，需要的本金减少20% 。","银凰灸针","天赋：腧穴","初始"
"理财 属性提升6% 。谈允贤装备时理财 属性提升6% 。负责理财 工作时，需要的本金减少30% 。","理财 属性提升6% 。","理财 属性提升6% 。负责理财 工作时，需要的本金减少30% 。","银凰灸针","天赋：腧穴","20"
"理财 属性提升8% 。谈允贤装备时理财 属性提升8% 。负责理财 工作时，需要的本金减少40% 。","理财 属性提升8% 。","理财 属性提升8% 。负责理财 工作时，需要的本金减少40% 。","银凰灸针","天赋：腧穴","30"
"理财 属性提升10% 。谈允贤装备时理财 属性提升10% 。负责理财 工作时，需要的本金减少50% 。","理财 属性提升10% 。","理财 属性提升10% 。负责理财 工作时，需要的本金减少50% 。","银凰灸针","天赋：腧穴","40"
"理财属性提升4%。李清照装备时理财属性提升4%。负责理财工作时，需要的铜钱减少40%。","理财属性提升4%。","理财属性提升4%。负责理财工作时，需要的铜钱减少40%。","父乙簋","天赋：钟情","初始"
"理财属性提升6%。李清照装备时理财属性提升6%。负责理财工作时，需要的铜钱减少60%。","理财属性提升6%。","理财属性提升6%。负责理财工作时，需要的铜钱减少60%。","父乙簋","天赋：钟情","20"
"理财属性提升8%。李清照装备时理财属性提升8%。负责理财工作时，需要的铜钱减少80%。","理财属性提升8%。","理财属性提升8%。负责理财工作时，需要的铜钱减少80%。","父乙簋","天赋：钟情","30"
"理财属性提升10%。李清照装备时理财属性提升10%。负责理财工作时，不需要花费铜钱。","理财属性提升10%。","理财属性提升10%。负责理财工作时，不需要花费铜钱。","父乙簋","天赋：钟情","40"
"制作属性提升4%。唐伯虎装备时制作属性提升4%。更容易吸引女性一同工作。","制作属性提升4%。","制作属性提升4%。更容易吸引女性一同工作。","桃花枝","天赋：花心","初始"
"制作属性提升6%。唐伯虎装备时制作属性提升6%。更容易吸引女性一同工作。","制作属性提升6%。","制作属性提升6%。更容易吸引女性一同工作。","桃花枝","天赋：花心","20"
"制作属性提升8%。唐伯虎装备时制作属性提升8%。更容易吸引女性一同工作。","制作属性提升8%。","制作属性提升8%。更容易吸引女性一同工作。","桃花枝","天赋：花心","30"
"制作属性提升10%。唐伯虎装备时制作属性提升10%。更容易吸引女性一同工作。","制作属性提升10%。","制作属性提升10%。更容易吸引女性一同工作。","桃花枝","天赋：花心","40"
"制作属性提升4%。黄道婆装备时制作属性提升4%。在丝织坊工作时，丝绸的产量增加50%。","制作属性提升4%。","制作属性提升4%。在丝织坊工作时，丝绸的产量增加50%。","黎锦","天赋：五色","初始"
"制作属性提升6%。黄道婆装备时制作属性提升6%。在丝织坊工作时，丝绸的产量增加70%。","制作属性提升6%。","制作属性提升6%。在丝织坊工作时，丝绸的产量增加70%。","黎锦","天赋：五色","20"
"制作属性提升8%。黄道婆装备时制作属性提升8%。在丝织坊工作时，丝绸的产量增加90%。","制作属性提升8%。","制作属性提升8%。在丝织坊工作时，丝绸的产量增加90%。","黎锦","天赋：五色","30"
"制作属性提升10%。黄道婆装备时制作属性提升10%。在丝织坊工作时，丝绸的产量增加120%。","制作属性提升10%。","制作属性提升10%。在丝织坊工作时，丝绸的产量增加120%。","黎锦","天赋：五色","40"
"探险属性提升4%。王昭君装备时探险属性提升4%。探险体力的恢复速度加快10%。","探险属性提升4%。","探险属性提升4%。探险体力的恢复速度加快10%。","浑不似","天赋：西风","初始"
"探险属性提升6%。王昭君装备时探险属性提升6%。探险体力的恢复速度加快15%。","探险属性提升6%。","探险属性提升6%。探险体力的恢复速度加快15%。","浑不似","天赋：西风","20"
"探险属性提升8%。王昭君装备时探险属性提升8%。探险体力的恢复速度加快20%。","探险属性提升8%。","探险属性提升8%。探险体力的恢复速度加快20%。","浑不似","天赋：西风","30"
"探险属性提升10%。王昭君装备时探险属性提升10%。探险体力的恢复速度加快30%。","探险属性提升10%。","探险属性提升10%。探险体力的恢复速度加快30%。","浑不似","天赋：西风","40"
"理财属性提升4%。沈周装备时理财属性提升4%。参与制作工作时，立即完成5%的进度。","理财属性提升4%。","理财属性提升4%。参与制作工作时，立即完成5%的进度。","龟壳","天赋：占卜","初始"
"理财属性提升6%。沈周装备时理财属性提升6%。参与制作工作时，立即完成10%的进度。","理财属性提升6%。","理财属性提升6%。参与制作工作时，立即完成10%的进度。","龟壳","天赋：占卜","20"
"理财属性提升8%。沈周装备时理财属性提升8%。参与制作工作时，立即完成15%的进度。","理财属性提升8%。","理财属性提升8%。参与制作工作时，立即完成15%的进度。","龟壳","天赋：占卜","30"
"理财属性提升10%。沈周装备时理财属性提升10%。参与制作工作时，立即完成20%的进度。","理财属性提升10%。","理财属性提升10%。参与制作工作时，立即完成20%的进度。","龟壳","天赋：占卜","40"
"农牧属性提升4%。白素贞装备时农牧属性提升4%。在造纸厂工作时，需要的原木减少30%。","农牧属性提升4%。","农牧属性提升4%。在造纸厂工作时，需要的原木减少30%。","孝头髻","天赋：化人","初始"
"农牧属性提升6%。白素贞装备时农牧属性提升6%。在造纸厂工作时，需要的原木减少40%。","农牧属性提升6%。","农牧属性提升6%。在造纸厂工作时，需要的原木减少40%。","孝头髻","天赋：化人","20"
"农牧属性提升8%。白素贞装备时农牧属性提升8%。在造纸厂工作时，需要的原木减少50%。","农牧属性提升8%。","农牧属性提升8%。在造纸厂工作时，需要的原木减少50%。","孝头髻","天赋：化人","30"
"农牧属性提升10%。白素贞装备时农牧属性提升10%。在造纸厂工作时，需要的原木减少60%。","农牧属性提升10%。","农牧属性提升10%。在造纸厂工作时，需要的原木减少60%。","孝头髻","天赋：化人","40"
"制作属性提升4%。常遇春装备时制作属性提升4%。外出探险时，采集岩石的体力消耗-1。","制作属性提升4%。","制作属性提升4%。外出探险时，采集岩石的体力消耗-1。","虎头湛金枪","天赋：神枪","初始"
"制作属性提升6%。常遇春装备时制作属性提升6%。外出探险时，采集岩石的体力消耗-2。","制作属性提升6%。","制作属性提升6%。外出探险时，采集岩石的体力消耗-2。","虎头湛金枪","天赋：神枪","20"
"制作属性提升8%。常遇春装备时制作属性提升8%。外出探险时，采集岩石的体力消耗-3。","制作属性提升8%。","制作属性提升8%。外出探险时，采集岩石的体力消耗-3。","虎头湛金枪","天赋：神枪","30"
"制作属性提升10%。常遇春装备时制作属性提升10%。外出探险时，采集岩石的体力消耗-5。","制作属性提升10%。","制作属性提升10%。外出探险时，采集岩石的体力消耗-5。","虎头湛金枪","天赋：神枪","40"
"农牧属性提升4%。李时珍装备时农牧属性提升4%。负责农牧工作时，需要的铜钱减少10%。","农牧属性提升4%。","农牧属性提升4%。负责农牧工作时，需要的铜钱减少10%。","湖神石","天赋：神启","初始"
"农牧属性提升6%。李时珍装备时农牧属性提升6%。负责农牧工作时，需要的铜钱减少20%。","农牧属性提升6%。","农牧属性提升6%。负责农牧工作时，需要的铜钱减少20%。","湖神石","天赋：神启","20"
"农牧属性提升8%。李时珍装备时农牧属性提升8%。负责农牧工作时，需要的铜钱减少30%。","农牧属性提升8%。","农牧属性提升8%。负责农牧工作时，需要的铜钱减少30%。","湖神石","天赋：神启","30"
"农牧属性提升10%。李时珍装备时农牧属性提升10%。负责农牧工作时，需要的铜钱减少40%。","农牧属性提升10%。","农牧属性提升10%。负责农牧工作时，需要的铜钱减少40%。","湖神石","天赋：神启","40"
"探险属性提升4%。李白装备时探险属性提升4%。探索新区域时，立即完成5%的进度。","探险属性提升4%。","探险属性提升4%。探索新区域时，立即完成5%的进度。","李花枝","天赋：醉白","初始"
"探险属性提升6%。李白装备时探险属性提升6%。探索新区域时，立即完成10%的进度。","探险属性提升6%。","探险属性提升6%。探索新区域时，立即完成10%的进度。","李花枝","天赋：醉白","20"
"探险属性提升8%。李白装备时探险属性提升8%。探索新区域时，立即完成15%的进度。","探险属性提升8%。","探险属性提升8%。探索新区域时，立即完成15%的进度。","李花枝","天赋：醉白","30"
"探险属性提升10%。李白装备时探险属性提升10%。探索新区域时，立即完成20%的进度。","探险属性提升10%。","探险属性提升10%。探索新区域时，立即完成20%的进度。","李花枝","天赋：醉白","40"
"建造属性提升4%。包拯装备时建造属性提升4%。参与建造工作时，立即完成5%的进度。","建造属性提升4%。","建造属性提升4%。参与建造工作时，立即完成5%的进度。","虎头铡","天赋：斩士","初始"
"建造属性提升6%。包拯装备时建造属性提升6%。参与建造工作时，立即完成10%的进度。","建造属性提升6%。","建造属性提升6%。参与建造工作时，立即完成10%的进度。","虎头铡","天赋：斩士","20"
"建造属性提升8%。包拯装备时建造属性提升8%。参与建造工作时，立即完成15%的进度。","建造属性提升8%。","建造属性提升8%。参与建造工作时，立即完成15%的进度。","虎头铡","天赋：斩士","30"
"建造属性提升10%。包拯装备时建造属性提升10%。参与建造工作时，立即完成20%的进度。","建造属性提升10%。","建造属性提升10%。参与建造工作时，立即完成20%的进度。","虎头铡","天赋：斩士","40"
"探险属性提升4%。玄奘装备时探险属性提升4%。参与任意工作时，所需本金减少5%。","探险属性提升4%。","探险属性提升4%。参与任意工作时，所需本金减少5%。","般若经","天赋：问佛","初始"
"探险属性提升6%。玄奘装备时探险属性提升6%。参与任意工作时，所需本金减少10%。","探险属性提升6%。","探险属性提升6%。参与任意工作时，所需本金减少10%。","般若经","天赋：问佛","20"
"探险属性提升8%。玄奘装备时探险属性提升8%。参与任意工作时，所需本金减少15%。","探险属性提升8%。","探险属性提升8%。参与任意工作时，所需本金减少15%。","般若经","天赋：问佛","30"
"探险属性提升10%。玄奘装备时探险属性提升10%。参与任意工作时，所需本金减少20%。","探险属性提升10%。","探险属性提升10%。参与任意工作时，所需本金减少20%。","般若经","天赋：问佛","40"
"制作属性提升4%。董其昌装备时制作属性提升4%。负责制作工作时，所需工人-1。","制作属性提升4%。","制作属性提升4%。负责制作工作时，所需工人-1。","节寰剑","天赋：奇缘","初始"
"制作属性提升6%。董其昌装备时制作属性提升6%。负责制作工作时，所需工人-1。","制作属性提升6%。","制作属性提升6%。负责制作工作时，所需工人-1。","节寰剑","天赋：奇缘","20"
"制作属性提升8%。董其昌装备时制作属性提升8%。负责制作工作时，所需工人-1。","制作属性提升8%。","制作属性提升8%。负责制作工作时，所需工人-1。","节寰剑","天赋：奇缘","30"
"制作属性提升10%。董其昌装备时制作属性提升10%。负责制作工作时，所需工人-1。","制作属性提升10%。","制作属性提升10%。负责制作工作时，所需工人-1。","节寰剑","天赋：奇缘","40"
"建造属性提升4%。刘伯温装备时建造属性提升4%。升级建筑时，需要的铜钱减少30%。","建造属性提升4%。","建造属性提升4%。升级建筑时，需要的铜钱减少30%。","斩仙剑","天赋：驯龙","初始"
"建造属性提升6%。刘伯温装备时建造属性提升6%。升级建筑时，需要的铜钱减少40%。","建造属性提升6%。","建造属性提升6%。升级建筑时，需要的铜钱减少40%。","斩仙剑","天赋：驯龙","20"
"建造属性提升8%。刘伯温装备时建造属性提升8%。升级建筑时，需要的铜钱减少50%。","建造属性提升8%。","建造属性提升8%。升级建筑时，需要的铜钱减少50%。","斩仙剑","天赋：驯龙","30"
"建造属性提升10%。刘伯温装备时建造属性提升10%。升级建筑时，需要的铜钱减少60%。","建造属性提升10%。","建造属性提升10%。升级建筑时，需要的铜钱减少60%。","斩仙剑","天赋：驯龙","40"
"建造属性提升4%。文徵明装备时建造属性提升4%。负责建造新建筑时，所需工人-1。","建造属性提升4%。","建造属性提升4%。负责建造新建筑时，所需工人-1。","银杯","天赋：为善","初始"
"建造属性提升6%。文徵明装备时建造属性提升6%。负责建造新建筑时，所需工人-1。","建造属性提升6%。","建造属性提升6%。负责建造新建筑时，所需工人-1。","银杯","天赋：为善","20"
"建造属性提升8%。文徵明装备时建造属性提升8%。负责建造新建筑时，所需工人-1。","建造属性提升8%。","建造属性提升8%。负责建造新建筑时，所需工人-1。","银杯","天赋：为善","30"
"建造属性提升10%。文徵明装备时建造属性提升10%。负责建造新建筑时，所需工人-1。","建造属性提升10%。","建造属性提升10%。负责建造新建筑时，所需工人-1。","银杯","天赋：为善","40"
"农牧属性提升4%。沈括装备时农牧属性提升4%。在草药田工作时，草药产量增加30%。","农牧属性提升4%。","农牧属性提升4%。在草药田工作时，草药产量增加30%。","透光镜","天赋：折光","初始"
"农牧属性提升6%。沈括装备时农牧属性提升6%。在草药田工作时，草药产量增加50%。","农牧属性提升6%。","农牧属性提升6%。在草药田工作时，草药产量增加50%。","透光镜","天赋：折光","20"
"农牧属性提升8%。沈括装备时农牧属性提升8%。在草药田工作时，草药产量增加70%。","农牧属性提升8%。","农牧属性提升8%。在草药田工作时，草药产量增加70%。","透光镜","天赋：折光","30"
"农牧属性提升10%。沈括装备时农牧属性提升10%。在草药田工作时，草药产量增加100%。","农牧属性提升10%。","农牧属性提升10%。在草药田工作时，草药产量增加100%。","透光镜","天赋：折光","40"
"制作属性提升4%。仇英装备时制作属性提升4%。负责制作工作时，立即完成10%的进度。","制作属性提升4%。","制作属性提升4%。负责制作工作时，立即完成10%的进度。","汉宫春晓图","天赋：春晓","初始"
"制作属性提升6%。仇英装备时制作属性提升6%。负责制作工作时，立即完成20%的进度。","制作属性提升6%。","制作属性提升6%。负责制作工作时，立即完成20%的进度。","汉宫春晓图","天赋：春晓","20"
"制作属性提升8%。仇英装备时制作属性提升8%。负责制作工作时，立即完成30%的进度。","制作属性提升8%。","制作属性提升8%。负责制作工作时，立即完成30%的进度。","汉宫春晓图","天赋：春晓","30"
"制作属性提升10%。仇英装备时制作属性提升10%。负责制作工作时，立即完成40%的进度。","制作属性提升10%。","制作属性提升10%。负责制作工作时，立即完成40%的进度。","汉宫春晓图","天赋：春晓","40"
"建造属性提升4%。张择端装备时建造属性提升4%。建造新建筑时额外获得30份随机资源。","建造属性提升4%。","建造属性提升4%。建造新建筑时额外获得30份随机资源。","清明上河图","天赋：集会","初始"
"建造属性提升6%。张择端装备时建造属性提升6%。建造新建筑时额外获得50份随机资源。","建造属性提升6%。","建造属性提升6%。建造新建筑时额外获得50份随机资源。","清明上河图","天赋：集会","20"
"建造属性提升8%。张择端装备时建造属性提升8%。建造新建筑时额外获得60份随机资源。","建造属性提升8%。","建造属性提升8%。建造新建筑时额外获得60份随机资源。","清明上河图","天赋：集会","30"
"建造属性提升10%。张择端装备时建造属性提升10%。建造新建筑时额外获得70份随机资源。","建造属性提升10%。","建造属性提升10%。建造新建筑时额外获得70份随机资源。","清明上河图","天赋：集会","40"
"制作属性提升4%。武则天装备时制作属性提升4%。参与任意工作时，所需工人-1。","制作属性提升4%。","制作属性提升4%。参与任意工作时，所需工人-1。","凤凰","天赋：权利","初始"
"制作属性提升6%。武则天装备时制作属性提升6%。参与任意工作时，所需工人-1。","制作属性提升6%。","制作属性提升6%。参与任意工作时，所需工人-1。","凤凰","天赋：权利","20"
"制作属性提升8%。武则天装备时制作属性提升8%。参与任意工作时，所需工人-1。","制作属性提升8%。","制作属性提升8%。参与任意工作时，所需工人-1。","凤凰","天赋：权利","30"
"制作属性提升10%。武则天装备时制作属性提升10%。参与任意工作时，所需工人-1。","制作属性提升10%。","制作属性提升10%。参与任意工作时，所需工人-1。","凤凰","天赋：权利","40"
"理财属性提升6%装备时","理财属性提升6%装备时","","蛇玲珑","天赋：兴旺","初始"
"理财属性提升8%装备时","理财属性提升8%装备时","","蛇玲珑","天赋：兴旺","20"
"理财属性提升10%装备时","理财属性提升10%装备时","","蛇玲珑","天赋：兴旺","30"
"理财属性提升12%装备时","理财属性提升12%装备时","","蛇玲珑","天赋：兴旺","40"
"建造属性提升6%装备时","建造属性提升6%装备时","","龙年鞭炮","天赋：迎新","初始"
"建造属性提升8%装备时","建造属性提升8%装备时","","龙年鞭炮","天赋：迎新","20"
"建造属性提升10%装备时","建造属性提升10%装备时","","龙年鞭炮","天赋：迎新","30"
"建造属性提升12%装备时","建造属性提升12%装备时","","龙年鞭炮","天赋：迎新","40"
"探险属性提升6%。装备时","探险属性提升6%。装备时","","八景宫灯","天赋：照见","初始"
"探险属性提升8%。装备时","探险属性提升8%。装备时","","八景宫灯","天赋：照见","20"
"探险属性提升12%。装备时","探险属性提升12%。装备时","","八景宫灯","天赋：照见","30"
"探险属性提升15%。装备时","探险属性提升15%。装备时","","八景宫灯","天赋：照见","40"
"负责农牧工作时，额外获得5%的产品。装备时","负责农牧工作时，额外获得5%的产品。装备时","","玉净瓶","天赋：甘露","初始"
"负责农牧工作时，额外获得8%的产品。装备时","负责农牧工作时，额外获得8%的产品。装备时","","玉净瓶","天赋：甘露","20"
"负责农牧工作时，额外获得12%的产品。装备时","负责农牧工作时，额外获得12%的产品。装备时","","玉净瓶","天赋：甘露","30"
"负责农牧工作时，额外获得15%的产品。装备时","负责农牧工作时，额外获得15%的产品。装备时","","玉净瓶","天赋：甘露","40"
"在晚上工作时，理财属性变为1.1倍。装备时","在晚上工作时，理财属性变为1.1倍。装备时","","夜明珠","天赋：凝光","初始"
"在晚上工作时，理财属性变为1.15倍。装备时","在晚上工作时，理财属性变为1.15倍。装备时","","夜明珠","天赋：凝光","20"
"在晚上工作时，理财属性变为1.2倍。装备时","在晚上工作时，理财属性变为1.2倍。装备时","","夜明珠","天赋：凝光","30"
"在晚上工作时，理财属性变为1.25倍。装备时","在晚上工作时，理财属性变为1.25倍。装备时","","夜明珠","天赋：凝光","40"
"制作属性提升5%。装备时","制作属性提升5%。装备时","","琉璃瓶","天赋：神水","初始"
"制作属性提升7%。装备时","制作属性提升7%。装备时","","琉璃瓶","天赋：神水","20"
"制作属性提升9%。装备时","制作属性提升9%。装备时","","琉璃瓶","天赋：神水","30"
"制作属性提升11%。装备时","制作属性提升11%。装备时","","琉璃瓶","天赋：神水","40"
"探险属性提升5%。装备时","探险属性提升5%。装备时","","风火轮","天赋：神行","初始"
"探险属性提升7%。装备时","探险属性提升7%。装备时","","风火轮","天赋：神行","20"
"探险属性提升9%。装备时","探险属性提升9%。装备时","","风火轮","天赋：神行","30"
"探险属性提升11%。装备时","探险属性提升11%。装备时","","风火轮","天赋：神行","40"
"建造属性提升5%。装备时","建造属性提升5%。装备时","","打神鞭","天赋：封神","初始"
"建造属性提升7%。装备时","建造属性提升7%。装备时","","打神鞭","天赋：封神","20"
"建造属性提升9%。装备时","建造属性提升9%。装备时","","打神鞭","天赋：封神","30"
"建造属性提升11%。装备时","建造属性提升11%。装备时","","打神鞭","天赋：封神","40"
"制作属性提升5%。装备时","制作属性提升5%。装备时","","缚龙索","天赋：擒龙","初始"
"制作属性提升7%。装备时","制作属性提升7%。装备时","","缚龙索","天赋：擒龙","20"
"制作属性提升9%。装备时","制作属性提升9%。装备时","","缚龙索","天赋：擒龙","30"
"制作属性提升11%。装备时","制作属性提升11%。装备时","","缚龙索","天赋：擒龙","40"
"理财属性提升5%。装备时","理财属性提升5%。装备时","","太极图","天赋：乾坤","初始"
"理财属性提升7%。装备时","理财属性提升7%。装备时","","太极图","天赋：乾坤","20"
"理财属性提升9%。装备时","理财属性提升9%。装备时","","太极图","天赋：乾坤","30"
"理财属性提升11%。装备时","理财属性提升11%。装备时","","太极图","天赋：乾坤","40"
"农牧属性提升5%。装备时","农牧属性提升5%。装备时","","哮天犬","天赋：威猛","初始"
"农牧属性提升7%。装备时","农牧属性提升7%。装备时","","哮天犬","天赋：威猛","20"
"农牧属性提升9%。装备时","农牧属性提升9%。装备时","","哮天犬","天赋：威猛","30"
"农牧属性提升11%。装备时","农牧属性提升11%。装备时","","哮天犬","天赋：威猛","40"
"农牧属性提升1%，制作属性提升1%。装备时","农牧属性提升1%，制作属性提升1%。装备时","","鸡缸杯","天赋：御酒","初始"
"农牧属性提升2%，制作属性提升1%。装备时请补充","农牧属性提升2%，制作属性提升1%。装备时请补充","","鸡缸杯","天赋：御酒","10"
"农牧属性提升2%，制作属性提升2%。装备时","农牧属性提升2%，制作属性提升2%。装备时","","鸡缸杯","天赋：御酒","20"
"农牧属性提升3%，制作属性提升2%。装备时","农牧属性提升3%，制作属性提升2%。装备时","","鸡缸杯","天赋：御酒","30"
"农牧属性提升3%，制作属性提升3%。装备时","农牧属性提升3%，制作属性提升3%。装备时","","鸡缸杯","天赋：御酒","40"
"理财属性提升1%，探险属性提升1%。装备时","理财属性提升1%，探险属性提升1%。装备时","","焦尾琴","天赋：幽音","初始"
"理财属性提升1%，探险属性提升2%。装备时请补充","理财属性提升1%，探险属性提升2%。装备时请补充","","焦尾琴","天赋：幽音","10"
"理财属性提升2%，探险属性提升2%。装备时","理财属性提升2%，探险属性提升2%。装备时","","焦尾琴","天赋：幽音","20"
"理财属性提升2%，探险属性提升3%。装备时","理财属性提升2%，探险属性提升3%。装备时","","焦尾琴","天赋：幽音","30"
"理财属性提升3%，探险属性提升3%。装备时","理财属性提升3%，探险属性提升3%。装备时","","焦尾琴","天赋：幽音","40"
"理财属性提升2%。装备时","理财属性提升2%。装备时","","青铜爵","天赋：佛光","初始"
"理财属性提升3%。装备时请补充","理财属性提升3%。装备时请补充","","青铜爵","天赋：佛光","10"
"理财属性提升4%。装备时","理财属性提升4%。装备时","","青铜爵","天赋：佛光","20"
"理财属性提升5%。装备时","理财属性提升5%。装备时","","青铜爵","天赋：佛光","30"
"理财属性提升6%。装备时","理财属性提升6%。装备时","","青铜爵","天赋：佛光","40"
"建造属性提升1%，探险属性提升1%。装备时","建造属性提升1%，探险属性提升1%。装备时","","玉玺","天赋：皇权","初始"
"建造属性提升2%，探险属性提升1%。装备时请补充","建造属性提升2%，探险属性提升1%。装备时请补充","","玉玺","天赋：皇权","10"
"建造属性提升2%，探险属性提升2%。装备时","建造属性提升2%，探险属性提升2%。装备时","","玉玺","天赋：皇权","20"
"建造属性提升3%，探险属性提升2%。装备时","建造属性提升3%，探险属性提升2%。装备时","","玉玺","天赋：皇权","30"
"建造属性提升3%，探险属性提升3%。装备时","建造属性提升3%，探险属性提升3%。装备时","","玉玺","天赋：皇权","40"
"制作属性提升1%，建造属性提升1%。装备时","制作属性提升1%，建造属性提升1%。装备时","","镇河铁犀","天赋：平川","初始"
"制作属性提升2%，建造属性提升1%。装备时请补充","制作属性提升2%，建造属性提升1%。装备时请补充","","镇河铁犀","天赋：平川","10"
"制作属性提升2%，建造属性提升2%。装备时","制作属性提升2%，建造属性提升2%。装备时","","镇河铁犀","天赋：平川","20"
"制作属性提升3%，建造属性提升2%。装备时","制作属性提升3%，建造属性提升2%。装备时","","镇河铁犀","天赋：平川","30"
"制作属性提升3%，建造属性提升3%。装备时","制作属性提升3%，建造属性提升3%。装备时","","镇河铁犀","天赋：平川","40"
"农牧属性提升1%，理财属性提升1%。装备时","农牧属性提升1%，理财属性提升1%。装备时","","澄泥砚","天赋：鸿运","初始"
"农牧属性提升1%，理财属性提升2%。装备时请补充","农牧属性提升1%，理财属性提升2%。装备时请补充","","澄泥砚","天赋：鸿运","10"
"农牧属性提升2%，理财属性提升2%。装备时","农牧属性提升2%，理财属性提升2%。装备时","","澄泥砚","天赋：鸿运","20"
"农牧属性提升2%，理财属性提升3%。装备时","农牧属性提升2%，理财属性提升3%。装备时","","澄泥砚","天赋：鸿运","30"
"农牧属性提升3%，理财属性提升3%。装备时","农牧属性提升3%，理财属性提升3%。装备时","","澄泥砚","天赋：鸿运","40"
"农牧属性提升0.5%，建造属性提升0.5%。装备时","农牧属性提升0.5%，建造属性提升0.5%。装备时","","條箒","天赋：无尘","初始"
"农牧属性提升1%，建造属性提升0.5%。装备时请补充","农牧属性提升1%，建造属性提升0.5%。装备时请补充","","條箒","天赋：无尘","10"
"农牧属性提升1%，建造属性提升1%。装备时","农牧属性提升1%，建造属性提升1%。装备时","","條箒","天赋：无尘","20"
"农牧属性提升1.5%，建造属性提升1%。装备时","农牧属性提升1.5%，建造属性提升1%。装备时","","條箒","天赋：无尘","30"
"农牧属性提升1.5%，建造属性提升1.5%。装备时","农牧属性提升1.5%，建造属性提升1.5%。装备时","","條箒","天赋：无尘","40"
"理财属性提升1%。装备时","理财属性提升1%。装备时","","团扇","天赋：风雅","初始"
"理财属性提升1.5%。装备时请补充","理财属性提升1.5%。装备时请补充","","团扇","天赋：风雅","10"
"理财属性提升2%。装备时","理财属性提升2%。装备时","","团扇","天赋：风雅","20"
"理财属性提升2.5%。装备时","理财属性提升2.5%。装备时","","团扇","天赋：风雅","30"
"理财属性提升3%。装备时","理财属性提升3%。装备时","","团扇","天赋：风雅","40"
"农牧属性提升0.5%，探险属性提升0.5%。装备时","农牧属性提升0.5%，探险属性提升0.5%。装备时","","折扇","天赋：清风","初始"
"农牧属性提升0.5%，探险属性提升1%。装备时请补充","农牧属性提升0.5%，探险属性提升1%。装备时请补充","","折扇","天赋：清风","10"
"农牧属性提升1%，探险属性提升1%。装备时","农牧属性提升1%，探险属性提升1%。装备时","","折扇","天赋：清风","20"
"农牧属性提升1%，探险属性提升1.5%。装备时","农牧属性提升1%，探险属性提升1.5%。装备时","","折扇","天赋：清风","30"
"农牧属性提升1.5%，探险属性提升1.5%。装备时","农牧属性提升1.5%，探险属性提升1.5%。装备时","","折扇","天赋：清风","40"
"制作属性提升0.5%，探险属性提升0.5%。装备时","制作属性提升0.5%，探险属性提升0.5%。装备时","","盘盏","天赋：一杯","初始"
"制作属性提升0.5%，探险属性提升1%。装备时请补充","制作属性提升0.5%，探险属性提升1%。装备时请补充","","盘盏","天赋：一杯","10"
"制作属性提升1%，探险属性提升1%。装备时","制作属性提升1%，探险属性提升1%。装备时","","盘盏","天赋：一杯","20"
"制作属性提升1%，探险属性提升1.5%。装备时","制作属性提升1%，探险属性提升1.5%。装备时","","盘盏","天赋：一杯","30"
"制作属性提升1.5%，探险属性提升1.5%。装备时","制作属性提升1.5%，探险属性提升1.5%。装备时","","盘盏","天赋：一杯","40"
"农牧属性提升0.5%，理财属性提升0.5%。装备时","农牧属性提升0.5%，理财属性提升0.5%。装备时","","纑刷","天赋：刷扫","初始"
"农牧属性提升1%，理财属性提升0.5%。装备时请补充","农牧属性提升1%，理财属性提升0.5%。装备时请补充","","纑刷","天赋：刷扫","10"
"农牧属性提升1%，理财属性提升1%。装备时","农牧属性提升1%，理财属性提升1%。装备时","","纑刷","天赋：刷扫","20"
"农牧属性提升1.5%，理财属性提升1%。装备时","农牧属性提升1.5%，理财属性提升1%。装备时","","纑刷","天赋：刷扫","30"
"农牧属性提升1.5%，理财属性提升1.5%。装备时","农牧属性提升1.5%，理财属性提升1.5%。装备时","","纑刷","天赋：刷扫","40"
"制作属性提升1%。装备时","制作属性提升1%。装备时","","剪刀","天赋：裁剪","初始"
"制作属性提升1.5%。装备时请补充","制作属性提升1.5%。装备时请补充","","剪刀","天赋：裁剪","10"
"制作属性提升2%。装备时","制作属性提升2%。装备时","","剪刀","天赋：裁剪","20"
"制作属性提升2.5%。装备时","制作属性提升2.5%。装备时","","剪刀","天赋：裁剪","30"
"制作属性提升3%。装备时","制作属性提升3%。装备时","","剪刀","天赋：裁剪","40"
"探险属性提升1%。装备时","探险属性提升1%。装备时","","唢呐","天赋：喧闹","初始"
"探险属性提升1.5%。装备时请补充","探险属性提升1.5%。装备时请补充","","唢呐","天赋：喧闹","10"
"探险属性提升2%。装备时","探险属性提升2%。装备时","","唢呐","天赋：喧闹","20"
"探险属性提升2.5%。装备时","探险属性提升2.5%。装备时","","唢呐","天赋：喧闹","30"
"探险属性提升3%。装备时","探险属性提升3%。装备时","","唢呐","天赋：喧闹","40"
"建造属性提升0.5%，探险属性提升0.5%。装备时","建造属性提升0.5%，探险属性提升0.5%。装备时","","天秤","天赋：平衡","初始"
"建造属性提升0.5%，探险属性提升1%。装备时请补充","建造属性提升0.5%，探险属性提升1%。装备时请补充","","天秤","天赋：平衡","10"
"建造属性提升1%，探险属性提升1%。装备时","建造属性提升1%，探险属性提升1%。装备时","","天秤","天赋：平衡","20"
"建造属性提升1%，探险属性提升1.5%。装备时","建造属性提升1%，探险属性提升1.5%。装备时","","天秤","天赋：平衡","30"
"建造属性提升1.5%，探险属性提升1.5%。装备时","建造属性提升1.5%，探险属性提升1.5%。装备时","","天秤","天赋：平衡","40"
"建造属性提升1%。装备时","建造属性提升1%。装备时","","苧刮刀","天赋：锋利","初始"
"建造属性提升1.5%。装备时请补充","建造属性提升1.5%。装备时请补充","","苧刮刀","天赋：锋利","10"
"建造属性提升2%。装备时","建造属性提升2%。装备时","","苧刮刀","天赋：锋利","20"
"建造属性提升2.5%。装备时","建造属性提升2.5%。装备时","","苧刮刀","天赋：锋利","30"
"建造属性提升3%。装备时","建造属性提升3%。装备时","","苧刮刀","天赋：锋利","40"
"理财属性提升0.5%，探险属性提升0.5%。装备时","理财属性提升0.5%，探险属性提升0.5%。装备时","","笔筒","天赋：肚容","初始"
"理财属性提升0.5%，探险属性提升1%。装备时请补充","理财属性提升0.5%，探险属性提升1%。装备时请补充","","笔筒","天赋：肚容","10"
"理财属性提升1%，探险属性提升1%。装备时","理财属性提升1%，探险属性提升1%。装备时","","笔筒","天赋：肚容","20"
"理财属性提升1%，探险属性提升1.5%。装备时","理财属性提升1%，探险属性提升1.5%。装备时","","笔筒","天赋：肚容","30"
"理财属性提升1.5%，探险属性提升1.5%。装备时","理财属性提升1.5%，探险属性提升1.5%。装备时","","笔筒","天赋：肚容","40"
"理财属性提升0.5%，制作属性提升0.5%。装备时","理财属性提升0.5%，制作属性提升0.5%。装备时","","笔架","天赋：支撑","初始"
"理财属性提升0.5%，制作属性提升1%。装备时请补充","理财属性提升0.5%，制作属性提升1%。装备时请补充","","笔架","天赋：支撑","10"
"理财属性提升1%，制作属性提升1%。装备时","理财属性提升1%，制作属性提升1%。装备时","","笔架","天赋：支撑","20"
"理财属性提升1%，制作属性提升1.5%。装备时","理财属性提升1%，制作属性提升1.5%。装备时","","笔架","天赋：支撑","30"
"理财属性提升1.5%，制作属性提升1.5%。装备时","理财属性提升1.5%，制作属性提升1.5%。装备时","","笔架","天赋：支撑","40"
"理财属性提升0.5%，建造属性提升0.5%。装备时","理财属性提升0.5%，建造属性提升0.5%。装备时","","绢伞","天赋：无雨","初始"
"理财属性提升0.5%，建造属性提升1%。装备时请补充","理财属性提升0.5%，建造属性提升1%。装备时请补充","","绢伞","天赋：无雨","10"
"理财属性提升1%，建造属性提升1%。装备时","理财属性提升1%，建造属性提升1%。装备时","","绢伞","天赋：无雨","20"
"理财属性提升1%，建造属性提升1.5%。装备时","理财属性提升1%，建造属性提升1.5%。装备时","","绢伞","天赋：无雨","30"
"理财属性提升1.5%，建造属性提升1.5%。装备时","理财属性提升1.5%，建造属性提升1.5%。装备时","","绢伞","天赋：无雨","40"
"农牧属性提升1%。装备时","农牧属性提升1%。装备时","","竹耙","天赋：翻晒","初始"
"农牧属性提升1.5%。装备时请补充","农牧属性提升1.5%。装备时请补充","","竹耙","天赋：翻晒","10"
"农牧属性提升2%。装备时","农牧属性提升2%。装备时","","竹耙","天赋：翻晒","20"
"农牧属性提升2.5%。装备时","农牧属性提升2.5%。装备时","","竹耙","天赋：翻晒","30"
"农牧属性提升3%。装备时","农牧属性提升3%。装备时","","竹耙","天赋：翻晒","40"
"制作属性提升0.5%，建造属性提升0.5%。装备时","制作属性提升0.5%，建造属性提升0.5%。装备时","","旗","天赋：领袖","初始"
"制作属性提升0.5%，建造属性提升1%。装备时请补充","制作属性提升0.5%，建造属性提升1%。装备时请补充","","旗","天赋：领袖","10"
"制作属性提升1%，建造属性提升1%。装备时","制作属性提升1%，建造属性提升1%。装备时","","旗","天赋：领袖","20"
"制作属性提升1%，建造属性提升1.5%。装备时","制作属性提升1%，建造属性提升1.5%。装备时","","旗","天赋：领袖","30"
"制作属性提升1.5%，建造属性提升1.5%。装备时","制作属性提升1.5%，建造属性提升1.5%。装备时","","旗","天赋：领袖","40"
